Grado,0,Mostro,Dim.,Family,Fiamma,Bang,Vento,Gelo,Fulmine,Elektron,Pyro,Respiro caldo,Respiro gelido,Donk,Morte rapida,Illusyo,Veleno,Confusione,Inazione,Paralisi,Sonno,Sag,Sap,Velocimeno,Dim,Boccachiusa,Danza ipnotica,Attacco,Rubamagia,Contromagia,Abiliterator,Sabotaggio magico
F,1,Multifoglia,1,Slime,,,,,,,^50%,Immune,,-25%,,^50%,-25%,,,,,,-25%,,,Immune,,Immune,,,,-25%
F,2,Lacertoflamma,1,Dragon,,,,,,,^50%,Immune,,-25%,,^50%,-25%,,,,,,-25%,,^50%,Immune,,Immune,,,,-25%
F,3,Cruelcucumber,1,Nature,,^50%,,,,,-25%,,,,-25%,,,,-25%,^50%,,,,-25%,^50%,,Immune,,Immune,,,
F,4,Picchiune,1,Beast,^50%,,,-25%,,,,,,,,,Immune,,^50%,,-25%,-25%,,^50%,,,,,Immune,,Immune,
F,5,Ferocandela,1,Material,,,-25%,,,,,,,^50%,Immune,,,-25%,,,^50%,Immune,-25%,,Immune,,,,,,,
F,6,Monocolo,1,Demon,,,,^50%,-25%,,,,,,Immune,Immune,,^50%,Immune,-25%,,,,^50%,-25%,,,,,Immune,,
F,7,Fuoco fatuo,1,Zombie,Absorb,,-25%,-25%,-25%,^50%,,Absorb,-25%,,,-25%,^50%,Immune,,Immune,,,^50%,,-25%,,,,,,,
F,8,Slime,1,Slime,,,,,^50%,-25%,,,,,,Immune,,,,,,^50%,,-25%,,,,,-25%,^50%,,Immune
F,9,Giallosauro,1,Dragon,,,,,,,^50%,,,-25%,,Immune,-25%,,,,,,-25%,,^50%,Immune,,Immune,,,,
F,10,Zanzakiller,1,Nature,,^50%,Immune,,,,-25%,-25%,,,,,,,-25%,^50%,,,,-25%,^50%,,Immune,,Immune,,,
F,11,Ornitorink,1,Beast,^50%,,,-25%,,,-25%,,,,,,Immune,,^50%,,-25%,-25%,,^50%,,,,,,Immune,Immune,
F,12,Sacco golosone,1,Material,,,-25%,,,,,,,^50%,Immune,,,-25%,Immune,,^50%,^50%,-25%,,Immune,,,,,-25%,,
F,13,Vampistrello,1,Demon,,,,^50%,-25%,,,,,,,,,^50%,Immune,-25%,,,,^50%,-25%,,,,,Immune,,
F,14,Phantasma,1,Zombie,-25%,,,,,^50%,,,,,Immune,-25%,^50%,Immune,,Immune,,,^50%,-25%,-25%,,,,,,,
F,15,Maluovo,1,Slime,,,^50%,,^50%,-25%,,,,,,Immune,,,,,,^50%,,,^50%,,,,-25%,^50%,,Immune
F,16,Frufrina,1,Dragon,,,,,,,^50%,,,-25%,,^50%,-25%,,,Immune,,,-25%,,^50%,Immune,,Immune,,,,
F,17,Pepe & Rone,1,Nature,-25%,^50%,,,,,-25%,,,,,,,,-25%,^50%,Immune,,,-25%,^50%,,Immune,,Immune,,,
F,18,Cattivalpa,1,Beast,^50%,,,-25%,,,,,-25%,,,Immune,Immune,,^50%,,-25%,-25%,,^50%,,,,,,,Immune,
F,19,Pu pazzo,1,Material,-25%,,-25%,,,,,,,^50%,Immune,Immune,,-25%,,,^50%,^50%,-25%,,Immune,,,,,,,
F,20,Smacker,1,Demon,,,,^50%,-25%,,,,,,,Immune,,,Immune,-25%,,,,^50%,-25%,-25%,,,,Immune,,
F,21,Ceppo Geppo,1,Zombie,-25%,,,,,^50%,,,,,,-25%,^50%,Immune,,Immune,,,^50%,,,,,,,Immune,,
F,22,Bollaslime,1,Slime,,,,,^50%,-25%,,,,,,Immune,Immune,,-25%,,,^50%,,-25%,,,,,-25%,^50%,,Immune
F,23,Dragospino,1,Dragon,-25%,,,,,,^50%,,,-25%,,^50%,-25%,,,,,,-25%,,^50%,Immune,,Immune,,Immune,,
F,24,Killarpillar,1,Nature,Immune,^50%,,-25%,,,-25%,,,,,,,,-25%,Immune,-25%,,,-25%,^50%,,Immune,,Immune,,,
F,25,Satyro,1,Beast,^50%,,,-25%,,,,,,,,,Immune,,^50%,,^50%,-25%,,^50%,-25%,,,,,,Immune,
F,26,Ticking Timeburrm,1,Material,,Absorb,-25%,,,,,,,^50%,Immune,,,-25%,,,^50%,^50%,-25%,,Immune,,,,,,,
F,27,Taglialbero,1,Demon,,,Immune,^50%,-25%,,,,,,,,,^50%,Immune,-25%,,,,^50%,-25%,,,,,Immune,,
F,28,Nauseafungus,1,Zombie,-25%,,,,,^50%,,,,,,,Immune,Immune,,Immune,,,^50%,,-25%,,,,,,,
F,29,Dottor Slime,1,Slime,,,,,^50%,-25%,,,,,,Immune,,,,,,^50%,,-25%,,,,,-25%,Immune,,Immune
F,30,Dragocertola,1,Dragon,,,,,,,^50%,,,-25%,,^50%,-25%,,,Immune,,,-25%,,^50%,Immune,,Immune,,,,
F,31,Formica soldato,1,Nature,,^50%,,-25%,,,-25%,,,,,,,,-25%,^50%,,,Immune,-25%,^50%,,Immune,,Immune,,,
F,32,Martellus,1,Beast,^50%,,,-25%,,,,,,,,Immune,Immune,,^50%,,-25%,-25%,,^50%,,,,,,,Immune,
F,33,Spirito gelido,1,Material,-25%,,-25%,Absorb,-25%,,,-25%,Absorb,^50%,Immune,,,-25%,,,^50%,^50%,-25%,,Immune,,,,,,,
F,34,Vegetribù,1,Demon,,,,^50%,-25%,,,,,,,,-25%,^50%,Immune,-25%,,,,Immune,,,,,,Immune,,
F,35,Mano,1,Zombie,-25%,,,,,^50%,,,,Immune,,-25%,^50%,Immune,,Immune,,,^50%,,-25%,,,,,,,
F,36,Slimetta,1,Slime,Immune,,,,^50%,-25%,,,,,,Immune,,,,,,^50%,,-25%,,,,,-25%,^50%,,Immune
F,37,Jargon,1,Dragon,,,,,,,^50%,,,-25%,,^50%,-25%,,,,,,-25%,,^50%,^50%,,^50%,,Immune,,
F,38,Ghiandaia floreale,1,Nature,,^50%,Immune,,,,-25%,,,-25%,,,,,-25%,^50%,,,,-25%,^50%,,Immune,,Immune,,,
F,39,Scaraforbici,1,Nature,-25%,^50%,,,,,-25%,,,,,,,,-25%,^50%,Immune,,,-25%,^50%,,Immune,,Immune,,,
F,40,Kan Kanide,1,Beast,^50%,,,-25%,,,,,,,,,Immune,,^50%,,-25%,-25%,,^50%,,,Immune,,,,Immune,
F,41,Sole & Soletto,1,Material,,Absorb,-25%,-25%,,-25%,Absorb,,-25%,^50%,Immune,,,-25%,,,^50%,^50%,-25%,,Immune,,,,,,,
F,42,Riccio ribelle,1,Demon,,,,^50%,-25%,,-25%,,,,,,,^50%,Immune,-25%,,,,^50%,-25%,,,,,Immune,,
F,43,Droll,1,Zombie,-25%,,,,,^50%,,,,,,-25%,^50%,Immune,,Immune,,,^50%,Immune,-25%,,-25%,,,,,
F,44,Minidrago Slime,1,Slime,,,,,^50%,-25%,,Immune,Immune,,,Immune,,,,,,^50%,,-25%,,,,,-25%,^50%,,Immune
F,45,Lacertoflamma,1,Dragon,,,Immune,-25%,,,^50%,,,-25%,,^50%,-25%,,,,,,-25%,,^50%,Immune,,Immune,,,,
F,46,Infernape,1,Nature,-25%,^50%,,,,,-25%,,,,,,Immune,,-25%,Immune,,,,-25%,^50%,,Immune,,Immune,,,
F,47,Beck Beck,1,Beast,^50%,,,-25%,,,,,,,,,Immune,,^50%,,-25%,-25%,,Immune,,,Immune,,,,Immune,
F,48,Maskerossa,1,Material,Immune,Immune,-25%,-25%,,,Immune,,,^50%,Immune,,,-25%,,,^50%,^50%,-25%,,Immune,,,,,,,
F,49,Mostradamus,1,Demon,,,,^50%,-25%,,,,,,,,,^50%,Immune,-25%,,,,Immune,-25%,,,,,Immune,,
F,50,Ghoul sbavante,1,Zombie,-25%,,,,,^50%,,,,,,-25%,^50%,Immune,Immune,Immune,,,^50%,,-25%,,,,,,,
E,51,Slimpunk,1,Slime,,,,,^50%,-25%,,,,-25%,,Immune,,,,,,Immune,,-25%,,,,,-25%,^50%,,Immune
E,52,Serpe boreale,2,Dragon,-25%,,,Absorb,,,^50%,-25%,Absorb,-25%,^50%,^50%,-25%,^50%,^50%,^50%,^50%,,-25%,,^50%,Immune,,Immune,,,,
E,53,Peso gallo,2,Nature,,^50%,Immune,,,,-25%,,,,^50%,,,^50%,,Immune,Immune,,,-25%,^50%,,Immune,,Immune,,,
E,54,Yeeteeh,1,Beast,-25%,,,Immune,,,-25%,,Immune,,,,Immune,,^50%,,-25%,-25%,,^50%,,,,,,,Immune,
E,55,Magibambola,1,Material,,,-25%,,,,,,,^50%,Immune,Immune,,-25%,,,^50%,^50%,-25%,,Immune,,,,,,,
E,56,Ranassassina,1,Demon,-25%,,,^50%,-25%,,,,,,,Immune,,^50%,Immune,-25%,,,,^50%,-25%,,,,,Immune,,
E,57,Cocco di mummia,1,Zombie,-25%,,,Immune,-25%,^50%,,,,,Immune,-25%,^50%,Immune,,Immune,,,^50%,,-25%,,,,,,,
E,58,Guscioslime,1,Slime,,,,,^50%,-25%,,,,,-25%,Immune,,,,,,^50%,Immune,-25%,,,,,-25%,^50%,,Immune
E,59,Dragocorno,1,Dragon,,,,,,,^50%,,,-25%,,^50%,-25%,,,-25%,,,-25%,,^50%,Immune,,Immune,,,Immune,
E,60,Peracolosa,1,Nature,,^50%,-25%,,,,-25%,,,,,Immune,,,-25%,^50%,,,,-25%,^50%,,Immune,,Immune,,,
E,61,Pan,1,Beast,^50%,,,-25%,,,,,,,,-25%,Immune,,^50%,,^50%,-25%,,^50%,,,,,,,Immune,
E,62,Axecutioner,1,Material,,,-25%,Immune,,,,,,^50%,Immune,,,-25%,,,^50%,^50%,-25%,,Immune,,,,,,,
E,63,Cacciateste,1,Demon,,,,^50%,-25%,,,,,,Immune,,,^50%,Immune,-25%,,,-25%,^50%,-25%,,,,,Immune,,
E,64,Cavaliere feroce,1,Zombie,-25%,,,,-25%,^50%,,,,,,-25%,^50%,Immune,^-50%,Immune,^-50%,,^50%,,^-50%,,,,,Immune,,
E,65,Slime maculato,1,Slime,,,,,^50%,-25%,,,,,,Immune,,,,,,^50%,,^50%,Immune,,,,-25%,^50%,,Immune
E,66,Rapax,1,Dragon,-25%,,,,,,^50%,,,-25%,,^50%,-25%,Immune,,,,,-25%,,^50%,Immune,,Immune,,,,
E,67,Cactusfera,1,Nature,,^50%,-25%,,,,-25%,,,Immune,,,,,-25%,^50%,,,,-25%,^50%,,Immune,,Immune,,,
E,68,Gatto vampiro,1,Beast,^50%,,,-25%,,,,,,,,,Immune,-25%,^50%,-25%,-25%,-25%,,^50%,,,,,,Immune,Immune,
E,69,Esplo-sasso,1,Material,,,-25%,,,,,,,Immune,Immune,,,-25%,,,^50%,^50%,-25%,,Immune,,,,,,,
E,70,Blob bianco,1,Demon,Immune,Immune,Immune,Immune,Immune,Immune,Immune,,,,-25%,,,^50%,Immune,-25%,,,,^50%,-25%,,,,,Immune,,
E,71,Hipster swingante,1,Zombie,-25%,,,,,^50%,,,,,,-25%,^50%,Immune,,Immune,,,^50%,,-25%,,,,,,,
E,72,Droll Diabolista,1,Zombie,-25%,,,,,Immune,,,,,,-25%,^50%,Immune,,Immune,,,^50%,^50%,-25%,,,,Immune,,,-25%
E,73,Kurridor,1,Dragon,,Immune,,,,,^50%,,,-25%,,^50%,-25%,,,,,,-25%,,^50%,Immune,-25%,Immune,,,,
E,74,Great Sabercub,1,Nature,,^50%,,,,,-25%,,,,,,,,-25%,^50%,,,,^50%,^50%,,Immune,,Immune,,,
E,75,Gelatile,1,Beast,-25%,,,Absorb,,,,-25%,Absorb,,,,Immune,,^50%,,-25%,-25%,,^50%,,,,,,,Immune,
E,76,Danging Flame,1,Material,Absorb,,-25%,-25%,,-25%,,Absorb,-25%,^50%,Immune,,,-25%,,,^50%,^50%,-25%,,Immune,,,,,,,
E,77,Diavoletto,1,Demon,,,,^50%,-25%,,,,,,,,,^50%,Immune,-25%,,,,^50%,-25%,,,,,Immune,,Immune
E,78,Stivale matto,1,Zombie,-25%,,,,,^50%,,,,,,-25%,^50%,Immune,-25%,Immune,,,^50%,,-25%,,-25%,,,,Immune,Immune
E,79,Slimaca,1,Slime,,,,,^50%,-25%,,,,,Immune,Immune,,,,,,^50%,-25%,-25%,,,,,-25%,^50%,,Immune
E,80,Verdrago,2,Dragon,,,-25%,,,,^50%,Immune,Immune,-25%,^50%,^50%,-25%,^50%,^50%,^50%,^50%,,-25%,,^50%,Immune,,Immune,,,,
E,81,Chimera,1,Nature,,^50%,,,,,-25%,,,,-25%,,,Immune,-25%,^50%,,,,-25%,^50%,,Immune,,Immune,,,
E,82,Mastino guerriero,1,Beast,^50%,,,-25%,,,,,,Immune,,Immune,Immune,,^50%,,-25%,-25%,,^50%,,,,,,,Immune,
E,83,Campanella,1,Material,,,-25%,,,,,,,Immune,Immune,,,-25%,,,^50%,^50%,-25%,,Immune,,,,,,,
E,84,Gruffone,1,Demon,,,,^50%,-25%,,,,,,,,,^50%,Immune,-25%,,,,^50%,-25%,,,,,Immune,,
E,85,Lupo infernale,1,Zombie,-25%,,,,-25%,^50%,,,,,,-25%,^50%,Immune,,Immune,,Immune,^50%,,-25%,,,,,,,
E,86,Homo nevis,1,Slime,-25%,,,Absorb,^50%,-25%,,-25%,Absorb,,,Immune,,,,,,^50%,,-25%,,,,,,^50%,,Immune
E,87,Libellula,1,Dragon,,-25%,,,,,^50%,,,-25%,,^50%,-25%,Immune,,,,,-25%,,^50%,Immune,,Immune,,,,
E,88,Toro incavolato,1,Nature,,^50%,,,,,-25%,,,,,,,,-25%,^50%,-25%,Immune,,-25%,^50%,,Immune,,Immune,,,
E,89,Sanguinis,1,Beast,^50%,,,-25%,,,,,,,Immune,,Immune,^50%,Immune,-25%,-25%,-25%,,^50%,,,Immune,,,,Immune,
E,90,Sacco dentato,1,Material,,,-25%,,,,Immune,,,^50%,Immune,,,-25%,,,^50%,^50%,-25%,,Immune,,,,,Immune,,
E,91,Danging Devil,1,Demon,,,,^50%,-25%,,,,,,,,,^50%,Immune,-25%,,,,^50%,-25%,,,,Immune,Immune,,
E,92,Uomosca,1,Zombie,-25%,,,,,^50%,,,,,,-25%,^50%,Immune,,Immune,Immune,,^50%,,-25%,,,,,,,
D,93,Paladino Slime,1,Slime,,,,,^50%,-25%,,,,,,Immune,,Immune,,,,^50%,,-25%,,,,Immune,-25%,^50%,,Immune
D,94,Skeledrago,1,Dragon,,,,,-25%,,^50%,,,-25%,Immune,^50%,-25%,,,,,,-25%,,^50%,Immune,,Immune,,,,
D,95,Ichtus verde,1,Nature,,^50%,,,,,-25%,,,,,,,,-25%,^50%,,,,-25%,^50%,,Immune,,Immune,,,
D,96,Re della notte,1,Beast,^50%,,,-25%,,,,,,Immune,,,Immune,,^50%,,^50%,-25%,,^50%,,,,,,,Immune,
D,97,Cannibaule,1,Material,,,-25%,,,,,,,^50%,Immune,,,-25%,,,^50%,^50%,-25%,,Immune,,,,,-25%,,
D,98,Desert Demon,1,Demon,,,,^50%,-25%,,,,,-25%,,Immune,,^50%,Immune,-25%,,,,^50%,-25%,,,,,Immune,,
D,99,Bulbo ramificato,1,Zombie,-25%,,,,,^50%,,,,,,-25%,^50%,Immune,,Immune,,,^50%,,-25%,Immune,Immune,,,,,
D,100,Slime metallico,1,Slime,Immune,Immune,Immune,Immune,Immune,Immune,Immune,Immune,Immune,Immune,Immune,,Immune,Immune,,Immune,Immune,^50%,,,,Immune,Immune,Immune,,^25%,Immune,Immune
D,101,Slime polifemico,1,Slime,Immune,,,,^50%,-25%,,,,,,Immune,,,,,,^50%,Immune,-25%,,,,,-25%,^50%,,Immune
D,102,Jargon verde,1,Dragon,,,,,,,^50%,,,-25%,,^50%,-25%,,,,,,-25%,,^50%,Immune,,Immune,,Immune,Immune,
D,103,Rigatto,1,Nature,,^50%,,Immune,,,-25%,,,,,,,,-25%,^50%,,,,-25%,^50%,,Immune,,Immune,,-25%,
D,104,Cane di mare,1,Beast,^50%,,,-25%,,,,,,,,,Immune,,^50%,,-25%,-25%,,^50%,,,,Immune,,,Immune,
D,105,Ombra,1,Material,,,-25%,,-25%,Absorb,,,,^50%,Immune,,,-25%,,,^50%,^50%,-25%,,Immune,,,,,,,
D,106,Ankora killer,1,Material,,,-25%,,,,,,,Immune,Immune,,,-25%,Immune,,^50%,^50%,-25%,,Immune,,,,,,,
D,107,Demone minore,1,Demon,,Immune,,^50%,-25%,,,,,,,,,^50%,Immune,-25%,,,,^50%,-25%,,,,,Immune,,
D,108,Dirigibilio,1,Zombie,-25%,Immune,,,,^50%,,,,,,-25%,^50%,Immune,,Immune,,,^50%,,-25%,,,,,,,
D,109,Slime angelico,1,Slime,,,,,Absorb,-25%,,,,,Immune,Immune,,,,,,^50%,,-25%,,,,,-25%,^50%,,Immune
D,110,Pallodrago,1,Dragon,,,,,,,^50%,Immune,,-25%,,^50%,-25%,-25%,,,,,-25%,,^50%,^50%,,^50%,,,,
D,111,Corniglio viola,1,Nature,,^50%,,,,,-25%,,,,,,,,-25%,^50%,,,,-25%,^50%,,Immune,,Immune,,,
D,112,Pinguinrock,1,Nature,,^50%,,Immune,,,-25%,-25%,Immune,,,,-25%,,-25%,^50%,,,,-25%,^50%,,Immune,,Immune,,,
D,113,Athos,1,Beast,^50%,,^50%,-25%,,,,,,,,,Immune,-25%,^50%,-25%,-25%,-25%,,^50%,,,-25%,,,,Immune,
D,114,Menestrello Moai,2,Material,,,-25%,,,,,,,^50%,Immune,,,-25%,,^50%,^50%,^50%,-25%,,Immune,,,,,Immune,,
D,115,Caneffu,1,Material,,,-25%,,,,,,,^50%,Immune,,,-25%,,,^50%,^50%,-25%,,Immune,,,,,,,
D,116,Spiritocchio,1,Demon,,,,Immune,,,,,Immune,,,,,^50%,Immune,-25%,,,,^50%,-25%,,,,,Immune,,
D,117,Skeletro,1,Zombie,-25%,,,,-25%,^50%,,,,,Immune,-25%,^50%,Immune,Immune,Immune,,,^50%,,-25%,,,,,,,
D,118,Re Slime maculato,1,Slime,,,,,^50%,-25%,,,,,Immune,Immune,,,,,,^50%,,-25%,,,,,-25%,^50%,Immune,Immune
D,119,Drago d'acqua,1,Dragon,,,,,,,Immune,,,-25%,,^50%,-25%,,,,,,-25%,,^50%,Immune,,Immune,,Immune,,
D,120,Zeck,1,Nature,,^50%,,,,,-25%,,,,,,,,-25%,^50%,,,Immune,-25%,^50%,Immune,Immune,,Immune,,,
D,121,Cinghialorco,1,Beast,^50%,,,-25%,,,-25%,,,,,,Immune,,^50%,,-25%,-25%,,^50%,,,,Immune,,,Immune,
D,122,Carrettiere,1,Material,,Immune,-25%,,,,,,,^50%,Immune,,,-25%,,,^50%,^50%,-25%,,Immune,,,,,,,
D,123,Golem dorato,1,Material,,,-25%,,,,,,,^50%,Immune,,,-25%,,,^50%,^50%,-25%,,Immune,,,,,,,
D,124,Silvapiteco,1,Demon,,,,^50%,-25%,,,,,,Immune,,,^50%,Immune,-25%,,,,^50%,-25%,,,,-25%,Immune,,
D,125,Gigaslime,1,Slime,,,,,^50%,-25%,,,,,Immune,Immune,,,,,,^50%,,-25%,,,,,-25%,^50%,-25%,Immune
D,126,Porpordrago,2,Dragon,,,,-25%,,,^50%,Immune,,-25%,^50%,^50%,-25%,^50%,^50%,^50%,^50%,,-25%,,^50%,Immune,,Immune,,Immune,,
D,127,Grankiolon,1,Nature,-25%,^50%,,,,,-25%,,,Immune,,,,,-25%,^50%,,,,-25%,^50%,,Immune,,Immune,,,
D,128,Skorpio,1,Nature,-25%,^50%,,,,,-25%,,,,,,Immune,,-25%,Immune,,,,-25%,^50%,,Immune,,Immune,,,
D,129,Tigre mannara,1,Beast,^50%,,,-25%,,,,,,,,,Immune,,^50%,,-25%,-25%,,^50%,,,,,,Immune,Immune,
D,130,Martellus magnus,1,Beast,^50%,,,-25%,,,Immune,,,,,,Immune,,^50%,,-25%,-25%,,^50%,,,,,Immune,,Immune,
D,131,Pettirobot,1,Material,,,-25%,,,,,,,^50%,Immune,,,-25%,Immune,,^50%,^50%,-25%,,Immune,,,,,,,
D,132,Destructore,1,Demon,,,,^50%,-25%,,,,,,,,,^50%,Immune,-25%,,,,^50%,-25%,,,,,Immune,,Immune
D,133,Fantagnan,1,Zombie,-25%,,Immune,,-25%,^50%,,,,,Immune,-25%,^50%,Immune,,Immune,,,^50%,,-25%,,,,,,,
D,134,Metalcabal Slime,1,Slime,,,,,^50%,-25%,,,,,,Immune,,,,Immune,,^50%,,-25%,,,,Immune,-25%,^50%,,Immune
D,135,Sentripede,1,Nature,Immune,^50%,,,,,-25%,,,,,,,,-25%,^50%,,,,-25%,^50%,-25%,Immune,,Immune,,,
D,136,Malanguilla,1,Nature,,^50%,,,,,-25%,,,,,,Immune,,-25%,^50%,,-25%,,-25%,^50%,,Immune,,Immune,,,
D,137,Montone dannato,1,Beast,^50%,,,-25%,,,,,,,,,Immune,,^50%,,^50%,-25%,,^50%,,,,,,,Immune,
D,138,Gelmonio,1,Material,-25%,,-25%,Absorb,,,-25%,-25%,Absorb,^50%,Immune,,,-25%,,,^50%,^50%,-25%,,Immune,,,,,,,
D,139,Jolly killer,1,Demon,,,,^50%,-25%,,,,,,,,,^50%,Immune,-25%,,,,^50%,-25%,,,Immune,,Immune,,
D,140,Serpe d'ossa,1,Zombie,-25%,,,,,^50%,,,,,,-25%,^50%,Immune,,Immune,,,^50%,Immune,-25%,,,,,,,
D,141,Gigaslime arancione,1,Slime,Immune,,,,^50%,-25%,,,,,,Immune,,,,,,^50%,,-25%,,,,-25%,-25%,^50%,,Immune
D,142,Gladiatore marino,1,Dragon,,,,,,,^50%,,,-25%,,^50%,-25%,,,,,,-25%,,^50%,Immune,,Immune,,^50%,-25%,
D,143,Baby piovra,1,Nature,,^50%,,,,,-25%,,,,,,,,-25%,^50%,,,,-25%,^50%,,Immune,,Immune,Immune,,
D,144,Wormongor,3,Nature,,^50%,,,,,-25%,,-25%,^50%,Immune,,Immune,Immune,Immune,Immune,Immune,,,-25%,^50%,,Immune,,Immune,,,
D,145,Anselmo Tell,1,Beast,^50%,,,-25%,,,,,,,,,Immune,,^50%,,-25%,-25%,,^50%,,,,,,Immune,Immune,
D,146,Armour,1,Material,Immune,,-25%,Immune,,,,,,^50%,Immune,,,-25%,,,^50%,^50%,-25%,,Immune,,,,,,,
D,147,Band,1,Demon,,,,^50%,-25%,,,,,,,,,^50%,Immune,-25%,,,,^50%,-25%,,,,Immune,Immune,,
D,148,Multident,1,Demon,,,,^50%,-25%,,,,,,,Immune,,^50%,Immune,-25%,,,,^50%,-25%,,,,,Immune,,
C,149,Dragonslime,1,Slime,,,,,^50%,-25%,,Immune,Immune,,,Immune,,,,,,^50%,,-25%,,,,,-25%,^50%,,Immune
C,150,Asciasauro,1,Dragon,,,,,,,^50%,,,-25%,,^50%,-25%,Immune,,,,,-25%,,^50%,Immune,,Immune,,,,
C,151,Condor blu,1,Nature,,^50%,,,,,-25%,,Immune,,,,,,-25%,^50%,,,,-25%,^50%,,Immune,,Immune,,,Immune
C,152,Lupomannaro,1,Beast,^50%,,,-25%,,,,,,,,,Immune,,^50%,Immune,-25%,-25%,,^50%,,,,,,Immune,Immune,
C,153,Rospo blu,2,Beast,^50%,Immune,,-25%,,,,,,,^50%,,Immune,^50%,Immune,^50%,-25%,-25%,,^50%,,,,,,,Immune,
C,154,Burattinaio nero,1,Material,,,-25%,,,,,,,^50%,Immune,,,-25%,-25%,,Immune,^50%,-25%,,Immune,,Immune,,,,Immune,
C,155,Aggroscultura,1,Demon,,Immune,Immune,^50%,-25%,,,,,,,,,^50%,Immune,-25%,,,,^50%,-25%,,,,,Immune,,
C,156,Granchio oscuro,1,Zombie,-25%,Immune,,,,^50%,,,,,Immune,-25%,^50%,Immune,,Immune,,,^50%,,-25%,,,,,,,
C,157,Torreslime,1,Slime,,-25%,,,^50%,-25%,,,,,,Immune,,,,,,^50%,,-25%,Immune,,,,Immune,^25%,,Immune
C,158,Testuggine corazzata,1,Dragon,,,,Immune,,,^50%,,,-25%,,^50%,-25%,,,,,,-25%,,^50%,Immune,,Immune,,,,Immune
C,159,Scimmia fracassona,1,Nature,,^50%,,,,,-25%,,,Immune,,,,,-25%,^50%,,,,-25%,^50%,,Immune,,Immune,,Immune,
C,160,Great Sabercat,1,Nature,,^50%,^50%,,,,-25%,,,,,,,,-25%,^50%,,,,^50%,^50%,,Immune,,Immune,,,
C,161,Trigertauro,1,Beast,^50%,,,-25%,,,,,,,Immune,,Immune,Immune,^50%,Immune,-25%,-25%,,^50%,,,,,,,Immune,
C,162,Gargoyle,1,Beast,^50%,,,-25%,,,,,,,,,Immune,,Immune,,-25%,-25%,,^50%,,,,Immune,,,Immune,
C,163,Alga sovrana,1,Material,,,-25%,,,,,,,^50%,Immune,,,-25%,,,Immune,^50%,-25%,,Immune,,,,,,,Immune
C,164,Grampistrello,1,Demon,,Immune,,^50%,-25%,Absorb,,,,,,,,^50%,Immune,-25%,,,,^50%,-25%,,,,,Immune,,
C,165,Walking Corrpse,1,Zombie,-25%,,,,-25%,^50%,,,,,Immune,,Immune,Immune,,Immune,,,^50%,,-25%,,,,,,,
C,166,Drago marino,1,Dragon,,Immune,,^50%,,,^50%,,^50%,-25%,,^50%,-25%,,,,,,-25%,,^50%,Immune,,Immune,,,,
C,167,Faccia d'albero,2,Nature,-25%,^50%,,,,,-25%,,,,^50%,,,^50%,-25%,^50%,^50%,,,-25%,^50%,,Immune,,Immune,,Immune,
C,168,Athlantos,1,Beast,^50%,,^50%,-25%,,,,-25%,^50%,,,Immune,Immune,,^50%,,-25%,-25%,,^50%,,,,,,,Immune,
C,169,Octagos,1,Material,^50%,,,-25%,,-25%,,,,Immune,Immune,,Immune,,^50%,,-25%,-25%,,^50%,,,,,,,Immune,Immune
C,170,Malampada,1,Material,,,-25%,,,Immune,,,,^50%,Immune,,,-25%,,^50%,^50%,^50%,-25%,,Immune,,,,,,,
C,171,Polisentinella,1,Demon,,,^50%,^50%,-25%,,,,^50%,,-25%,,,^50%,Immune,-25%,,Immune,,^50%,-25%,,,,,Immune,,
C,172,Armatura killer,1,Zombie,-25%,,,,,^50%,,,,,Immune,-25%,^50%,Immune,,Immune,,,^50%,,-25%,,,Immune,,,,
C,173,Re Slime,1,Slime,,,,,^50%,-25%,,,,,Immune,Immune,,,,,,^50%,,-25%,,,,,-25%,^50%,,Immune
C,174,Gran Pallodrago,1,Dragon,,,,,,,^50%,Immune,,-25%,,^50%,-25%,,,,,,-25%,,Immune,Immune,,Immune,,,,
C,175,Pescelupo,1,Nature,,^50%,,Immune,,,-25%,,Immune,,,,,,-25%,^50%,,,,-25%,^50%,,Immune,,Immune,,,
C,176,Sciakallo,1,Beast,^50%,,,-25%,,,,,,,,Immune,Immune,,^50%,,-25%,-25%,,^50%,,,,,,,Immune,
C,177,Cumulus Rex,1,Material,^50%,,Immune,-25%,,,,,,,,Immune,Immune,,^50%,,-25%,-25%,,^50%,,Immune,,,,,Immune,
C,178,Mechator grigio,1,Material,,-25%,-25%,,,,,,,^50%,Immune,,Immune,-25%,,,^50%,^50%,-25%,,Immune,,,,,,,
C,179,Tentacolocchio,1,Zombie,-25%,,,,,^50%,,,,,,-25%,^50%,Immune,,Immune,,,^50%,,-25%,Immune,Immune,,,,,
C,180,Curaslime,1,Slime,,,,,^50%,-25%,,,,,Immune,Immune,,,,,,^50%,,-25%,,,,,,Immune,,Immune
C,181,Metaldragone,1,Dragon,,,,,,,^50%,,,-25%,Immune,^50%,-25%,,,,,,-25%,,^50%,Immune,,Immune,,,,Immune
C,182,Barracuda,1,Nature,,^50%,,^50%,,,-25%,,^50%,,,,-25%,-25%,-25%,^50%,-25%,,,-25%,^50%,,Immune,,Immune,,,
C,183,Pipit,1,Nature,,^50%,Immune,,Immune,,-25%,,,,,,,,-25%,^50%,,,,-25%,^50%,,Immune,,Immune,,,
C,184,Mezzo porco,2,Beast,^50%,,,-25%,,,,,,,^50%,,Immune,^50%,Immune,^50%,-25%,-25%,,^50%,,,,Immune,,,Immune,
C,185,Dademone blu,1,Beast,^50%,,,-25%,,,,,,,,,Immune,Immune,^50%,,-25%,-25%,,^50%,,,,,,,Immune,
C,186,Golem,1,Material,,,-25%,,,,,,,^50%,Immune,,,-25%,^50%,^50%,^50%,,-25%,,Immune,,,,,,,
C,187,Riditarra,1,Demon,,,,Immune,,,,,,,,,,^50%,Immune,-25%,,,,^50%,-25%,,,Immune,,Immune,,
C,188,Cerbero,1,Zombie,^50%,,,,,^50%,,^50%,,,,-25%,^50%,Immune,,Immune,,,^50%,,-25%,,,,,,,^50%
C,189,Cyber Slime,1,Slime,,,,,^50%,-25%,,,,,,Immune,,Immune,,,,^50%,Immune,-25%,,,,Immune,-25%,^50%,,Immune
C,190,Metaliquislime,1,Slime,Immune,Immune,Immune,Immune,Immune,Immune,Immune,Immune,Immune,Immune,Immune,Immune,Immune,Immune,,Immune,Immune,^50%,,,,Immune,Immune,Immune,,^25%,Immune,Immune
C,191,Dragarcio,1,Dragon,,,,Immune,,,^50%,,,-25%,,^50%,-25%,-25%,,,,,-25%,,^50%,Immune,Immune,Immune,,,,
C,192,Crostaceus,1,Nature,,^50%,,,,,-25%,,,,-25%,,,Immune,-25%,^50%,,,Immune,-25%,^50%,,Immune,,Immune,,,
C,193,Lleviathan ,3,Nature,,^50%,,,,,-25%,,,,Immune,,Immune,Immune,Immune,Immune,Immune,,,-25%,^50%,,Immune,,Immune,,,
C,194,Pocomacho,1,Beast,^50%,,,-25%,,,,,,Immune,,,Immune,-25%,^50%,,-25%,-25%,,^50%,,,Immune,,,,Immune,
C,195,Lince alata,3,Beast,^50%,,Absorb,-25%,,,,,,,Immune,,Immune,Immune,Immune,^50%,Immune,-25%,,^50%,,,,,,,Immune,
C,196,Grifone,1,Demon,,,,^50%,-25%,,,,,,,,,^50%,Immune,-25%,,,,^50%,-25%,,,,,Immune,,Immune
C,197,Custode tetro,1,Demon,Immune,,,^50%,-25%,,,,,,,,,^50%,Immune,-25%,,,,^50%,-25%,,,Immune,,Immune,,
B,198,Magislime,1,Slime,,,,,^25%,Immune,,,,,,Immune,,,,,,^50%,,-25%,,,,,-25%,^50%,,Immune
B,199,Megacertola,1,Dragon,,,,,,,^50%,Immune,,-25%,,Immune,-25%,,,,,,-25%,,^50%,Immune,,Immune,,,,
B,200,Mandrake Marshal ,1,Dragon,,,,,,,^50%,,,-25%,,^50%,-25%,,,,,,-25%,,^50%,Immune,,Immune,,-25%,Immune,
B,201,Scarafante nero,1,Nature,-25%,^50%,,,,,-25%,,,,,,,,-25%,^50%,Immune,,,-25%,^50%,,Immune,,Immune,,Immune,
B,202,Penna di fuoco,1,Beast,Absorb,,,-25%,,,,Absorb,-25%,,,,Immune,,^50%,,-25%,-25%,,^50%,,,,,,,Immune,
B,203,Magmalvagio,1,Material,Absorb,,-25%,-25%,,,,Absorb,-25%,^50%,Immune,,,-25%,,,^50%,^50%,-25%,,Immune,,,,,,,
B,204,Capitan Catastrofe,1,Demon,,,,^50%,-25%,,Immune,,,,,,-25%,^50%,Immune,-25%,-25%,,,^50%,-25%,,,,,Immune,,
B,205,Principe Spectros,1,Zombie,-25%,,,,-25%,^50%,,,,,Immune,-25%,^50%,^50%,^50%,^50%,^50%,,^50%,,-25%,,,,,,,
B,206,Soldaskeletro,1,Zombie,-25%,,,,,^50%,,,,,Immune,-25%,^50%,Immune,Immune,Immune,,,^50%,,-25%,,,,,,,
B,207,Slime oscuro,1,Slime,,,,,,Absorb,,,,,,Immune,,,,,,^50%,,-25%,,,,,-25%,^50%,,Immune
B,208,Tyrantosauro,1,Dragon,,,,,,,^50%,,,-25%,,^50%,-25%,,,,,Immune,-25%,-25%,^50%,Immune,,Immune,,,,
B,209,Mantis composita,1,Nature,,^50%,,,,,-25%,,,,,,Immune,Immune,-25%,^50%,,,,-25%,^50%,,Immune,,Immune,,,
B,210,Pollo d'attacco,1,Beast,^50%,,Immune,-25%,,,,,,,,,Immune,,^50%,,-25%,-25%,,^50%,,,,Immune,,-25%,Immune,
B,211,Rottame d'acciaio,1,Material,,,-25%,,Immune,,,,,^50%,Immune,,,-25%,,,^50%,^50%,-25%,,Immune,,,,,,,
B,212,Druido del male,1,Demon,,,,^50%,-25%,,,,,,,,,^50%,Immune,-25%,,,,^50%,-25%,,,,,Immune,,Immune
B,213,Cavalier Mortimer,1,Zombie,-25%,,,,-25%,^50%,,,,,,-25%,^50%,^50%,^50%,^50%,Immune,,^50%,,-25%,,,,,,,
B,214,Ira,1,Zombie,-25%,,,,-25%,^50%,Immune,,,,Immune,,^50%,Immune,,Immune,,,^50%,,-25%,,,,,,,
B,215,Ovomarch,1,Slime,,,,,Immune,Immune,,,,,,Immune,,,,,,^50%,,-25%,,,,,Immune,^25%,,Immune
B,216,Serpe eterea,2,Dragon,,,-25%,-25%,,,^50%,Immune,,-25%,^50%,^50%,-25%,^50%,^50%,^50%,^50%,,-25%,,^50%,Immune,,Immune,,,,
B,217,Falena gigante,1,Nature,-25%,^50%,,,,,-25%,,,,,Immune,,,-25%,^50%,,,,-25%,^50%,,Immune,,Immune,,,
B,218,Sanguonicum,1,Beast,^50%,,,-25%,,,,,,,Immune,,Immune,Immune,Immune,Immune,Immune,-25%,,Immune,,,Immune,,,,Immune,
B,219,Skrigno dentato,1,Material,,,-25%,,,,,,,^50%,Immune,,,-25%,,,^50%,^50%,-25%,,Immune,,,,,,,Immune
B,220,Juggulare,1,Demon,,,,^50%,-25%,,,,,,,,,^50%,Immune,-25%,,,,^50%,-25%,,Immune,,,Immune,,
B,221,Arcidemone,1,Demon,,Immune,,^50%,-25%,,,,,,Immune,,,^50%,Immune,-25%,,,,^50%,-25%,,,,,Immune,,
B,222,Ossassassino,1,Zombie,-25%,,,,,^50%,,,,,,-25%,^50%,Immune,,Immune,,Immune,^50%,,-25%,,,,,,Immune,
B,223,Milislime oscuro,1,Slime,,,,,^25%,Immune,,,,,,Immune,,,,,,^50%,,-25%,,,,Immune,-25%,^50%,,Immune
B,224,Meglaodon,1,Dragon,,,,,,,^50%,,,-25%,,^50%,-25%,,,,,,-25%,,^50%,Immune,,Immune,,Immune,,Immune
B,225,Frufrù,1,Dragon,,,,,,,^50%,Immune,,-25%,Immune,Immune,-25%,,,,,,-25%,,^50%,Immune,,Immune,,,,
B,226,Goreilla,1,Nature,,^50%,,,,,-25%,,,,,Immune,,-25%,-25%,^50%,,Immune,,-25%,^50%,,Immune,,Immune,,,
B,227,Rossotalpa,1,Beast,^50%,,,-25%,,,,,,,,,Immune,,^50%,,-25%,-25%,,^50%,Immune,,Immune,,,,Immune,
B,228,Squigno,1,Beast,^50%,,,-25%,,,,,,,Immune,Immune,Immune,,^50%,,-25%,-25%,,^50%,,,Immune,,,,Immune,
B,229,Corriere Corrotto,1,Material,,Immune,-25%,,,,,,,^50%,Immune,,,-25%,,,^50%,^50%,-25%,Immune,Immune,,,,,,Immune,
B,230,Armatura letale,1,Demon,,,,^50%,-25%,,,,,,,,,Immune,Immune,-25%,,,,^50%,-25%,,,Immune,,Immune,,
B,231,Boss Troll ,2,Demon,,,,^50%,-25%,,-25%,,,,Immune,Immune,,Immune,Immune,-25%,Immune,,,^50%,-25%,,,,,Immune,,
B,232,Jamirus,1,Demon,,,,^50%,-25%,,,,,,Immune,,,^50%,Immune,-25%,,,,^50%,-25%,,,,,Immune,,
B,233,Cavalier Terror,1,Zombie,-25%,,,Immune,-25%,^50%,,,,,,-25%,^50%,Immune,,Immune,,Immune,^50%,,-25%,,,,,,,
B,234,Ragin' Contagion ,1,Zombie,-25%,,,,,^50%,,,,,Immune,-25%,Immune,Immune,,Immune,,,^50%,,-25%,,,,,,,
B,235,Multifoglia Klar,1,Slime,,,,,^50%,-25%,,,,,,Immune,,,,,,^50%,Immune,-25%,Immune,,Immune,,-25%,^50%,,Immune
B,236,Dragoon,1,Dragon,,,,,,,Immune,,,-25%,,^50%,-25%,,,,Immune,,-25%,,^50%,Immune,,Immune,,,,
B,237,Cavaliere dei Draghi,1,Dragon,,,Immune,,,,^50%,,,-25%,Immune,^50%,-25%,,,,,,-25%,,^50%,Immune,,Immune,,,,
B,238,Corvoscuro,1,Nature,,^50%,,,,,-25%,,,,Immune,,,,-25%,^50%,,,,-25%,^50%,,Immune,,Immune,,,
B,239,Tanamount,1,Beast,Immune,,,-25%,,,Immune,Immune,,,,,Immune,,^50%,,-25%,-25%,,^50%,,,,,,,Immune,
B,240,Jam,1,Material,,,-25%,,,,,,,^50%,Immune,,^50%,-25%,,,Immune,^50%,-25%,,Immune,,Immune,-25%,,,,
B,241,Cavaliere Aberrante,1,Demon,,,,^50%,-25%,,,,,,,,,^50%,Immune,-25%,,,,^50%,-25%,,Immune,,,Immune,,
B,242,Cobra Cardinal ,1,Zombie,-25%,,,,-25%,^50%,,,,Immune,,-25%,^50%,Immune,,Immune,,,^50%,,-25%,,,,,,,
B,243,Re Curaslime,1,Slime,,,,,^50%,-25%,,,,,Immune,Immune,,,,,,^50%,,-25%,,,,,,Immune,,Immune
B,244,Lardodragon,1,Dragon,,Immune,,,,,^50%,,,-25%,Immune,^50%,-25%,,,,,,-25%,,^50%,Immune,,Immune,,,,
B,245,Lanciafuoco,1,Nature,Immune,^50%,,,,,-25%,Immune,,,,,,,-25%,^50%,,,,-25%,^50%,,Immune,,Immune,,,
B,246,Pachidermico,2,Beast,^50%,Immune,,-25%,,,,,,,^50%,,Immune,^50%,Immune,,-25%,-25%,,^50%,,,,,,,Immune,
B,247,Wasen,3,Beast,^50%,,,-25%,Immune,,,,,Immune,Immune,,Immune,Immune,Immune,Immune,Immune,-25%,,^50%,,-25%,,,,,Immune,
B,248,Signore dei desideri,2,Material,Immune,,-25%,,,,^50%,,,^50%,Immune,,,-25%,^50%,^50%,Immune,^50%,-25%,,Immune,,,Immune,,,,
B,249,Mago pancione,1,Demon,,,Immune,^50%,-25%,,,,,Immune,,,,^50%,Immune,-25%,,,,^50%,-25%,,,,,Immune,,
B,250,Cavaliere dell'Ombra,1,Zombie,-25%,,,,,^50%,,,,,,-25%,^50%,Immune,Immune,Immune,,,^50%,,-25%,,,Immune,,,,
B,251,Leonix,1,？？？系,^50%,-25%,^50%,,-25%,,,,,,Immune,,^50%,^50%,,^50%,^50%,-25%,^50%,,-25%,,,^50%,^50%,-25%,-25%,
A,252,Tortaceratops,1,Dragon,,Immune,,,,,^50%,,,-25%,,^50%,-25%,,,,,,-25%,,^50%,Immune,,Immune,,,Immune,
A,253,Frigoforo,1,Nature,,^50%,Immune,,,,-25%,,Immune,,,,,,-25%,^50%,,,,-25%,^50%,,Immune,,Immune,,,
A,254,Gigante,2,Beast,^50%,,,-25%,,,,,,,Immune,,Immune,^50%,Immune,^50%,-25%,-25%,-25%,^50%,,,Immune,Immune,,,Immune,
A,255,Mechacentauro,1,Material,,-25%,-25%,,,,,,,^50%,Immune,,Immune,-25%,,,^50%,^50%,-25%,,Immune,,,,,,,
A,256,Demone multimani,1,Demon,,,,^50%,-25%,Immune,,,,,Immune,,,^50%,Immune,-25%,,-25%,,^50%,-25%,,,,,Immune,,
A,257,Ruban Hood,1,Demon,,,,^50%,-25%,,,,,,Immune,,,^50%,Immune,-25%,,,,^50%,-25%,,,Immune,,,,
A,258,Kantalga,1,Zombie,-25%,,,^50%,,^50%,,,^50%,,,-25%,^50%,Immune,,Immune,,,^50%,,-25%,,,,,Immune,,
A,259,Re Bollaslime,1,Slime,,,,,^50%,-25%,,,,,,Immune,Immune,,,Immune,,^50%,,-25%,,,,,-25%,^50%,,Immune
A,260,Rashaverak,1,Dragon,,,,,,Immune,^50%,,,-25%,,^50%,-25%,,,,,,-25%,,^50%,Immune,,Immune,,,,
A,261,Guerreruspo,1,Nature,,^50%,,,Immune,Immune,-25%,,,,,,,,-25%,^50%,,,,-25%,^50%,,Immune,,Immune,,,
A,262,Bufalorco,1,Beast,^50%,,,-25%,,,,,,,Immune,,Immune,Immune,^50%,,-25%,-25%,,^50%,,,,,,,Immune,
A,263,Borgomietitore,1,Material,,,-25%,,Immune,,,,,^50%,Immune,,,-25%,,Immune,^50%,^50%,-25%,,Immune,,,,,,,Immune
A,264,Hyperanemon,1,Demon,,,,^50%,-25%,,,,,,,,,^50%,Immune,-25%,,,,^50%,-25%,,,,,Immune,Immune,Immune
A,265,Gigalunfo,1,Zombie,-25%,,Immune,,,^50%,,,,,,-25%,^50%,Immune,,Immune,,,^50%,,-25%,,,,,,Immune,
A,266,Gang Slime,3,Slime,,,,,^50%,-25%,,,,,Immune,-25%,Immune,,Immune,Immune,Immune,^50%,,-25%,,,Immune,,-25%,^50%,Immune,-25%
A,267,Ardimentauro,1,Dragon,,,,,,Immune,^50%,,,-25%,,^50%,-25%,,,,,,-25%,,^50%,Immune,,Immune,,,,
A,268,Kaiman,1,Nature,,^50%,,,,,-25%,Immune,Immune,,,,,,-25%,^50%,,-25%,,-25%,^50%,,Immune,,Immune,,,
A,269,Marquis De Leon,2,Beast,^50%,,,-25%,,,Absorb,,,-25%,Immune,,Immune,^50%,Immune,^50%,-25%,-25%,,^50%,,Immune,,,,,Immune,
A,270,Centopetra,1,Material,,,-25%,,,,,,,^50%,Immune,,,-25%,,,^50%,^50%,-25%,,Immune,,,,Immune,,,
A,271,Minitribù,1,Demon,Immune,,Immune,^50%,-25%,,,,,,,,,^50%,Immune,-25%,,,,^50%,-25%,,Immune,,,Immune,,
A,272,Exorsus,2,Zombie,-25%,Immune,Immune,Immune,Immune,Immune,Immune,,,,Immune,-25%,^50%,^50%,^50%,^50%,^50%,,^50%,,-25%,,,,,,,
A,273,Metal Kaiser Slime ,2,Slime,Immune,Immune,Immune,Immune,Immune,Immune,Immune,Immune,Immune,Immune,Immune,Immune,Immune,Immune,,Immune,Immune,^50%,,,,Immune,Immune,Immune,,^25%,Immune,Immune
A,274,Gemines,2,Dragon,,,,,,,^50%,,,-25%,Immune,^50%,-25%,^50%,^50%,^50%,^50%,,-25%,Immune,^50%,Immune,,Immune,,,Immune,
A,275,Assalitore marino,1,Nature,,^50%,,,,,-25%,,,,,,-25%,-25%,-25%,^50%,-25%,Immune,,-25%,^50%,,Immune,Immune,Immune,,,
A,276,Cresta furiosa,1,Beast,^50%,,,-25%,,,,,,,Immune,,Immune,,^50%,,-25%,-25%,,^50%,,,,,,,Immune,
A,277,Bo,1,Material,,,-25%,,,,,,,^50%,Immune,,^50%,-25%,,,^50%,^50%,-25%,,Immune,Immune,,-25%,,,,
A,278,Gracos,1,Demon,,,,^50%,-25%,,,,,,,,,^50%,Immune,-25%,,,,^50%,-25%,,,,,Immune,,Immune
A,279,Anima torturata,1,Zombie,-25%,,,,-25%,^50%,,,,,Immune,-25%,^50%,Immune,,Immune,Immune,,^50%,,-25%,,,,,,,
A,280,Gigadragone,1,Dragon,,,,,,,^50%,Immune,Immune,-25%,Immune,^50%,-25%,,,,,,-25%,,^50%,Immune,,Immune,,,,
A,281,Virgax,2,Nature,,^50%,,Immune,,,-25%,-25%,,,Immune,,,^50%,-25%,^50%,^50%,,,-25%,^50%,,Immune,,Immune,,,Immune
A,282,Slon la Torre,1,Beast,^50%,,,-25%,,,,Immune,,,,,Immune,,^50%,,-25%,-25%,,^50%,,,Immune,Immune,,,Immune,
A,283,Statua vivente,1,Material,,,-25%,,,,,,,^50%,Immune,,,-25%,,,Immune,^50%,-25%,,Immune,,,,,,,
A,284,Scorpia,2,Demon,,,,^50%,-25%,,,,Immune,,Immune,,,Immune,^50%,-25%,^50%,,,Immune,,,,-25%,,Immune,,
A,285,Verme delle Grotte,1,Zombie,-25%,,Immune,Immune,,^50%,,,,,,-25%,^50%,Immune,,Immune,,,^50%,,-25%,,,,,,,
A,286,Ultra Slime,1,Slime,,,Immune,,^50%,-25%,,,,,-25%,,-25%,-25%,-25%,-25%,-25%,Immune,Immune,-25%,,,,,-25%,^50%,,Immune
A,287,Garuda,1,Nature,,^50%,,,,,-25%,,,,,,,,-25%,^50%,,,,-25%,^50%,,Immune,,Immune,Immune,,Immune
A,288,Basettos,1,Beast,^50%,,,-25%,,,Immune,,,,Immune,,,,^50%,,-25%,-25%,,^50%,,,,,,,Immune,
A,289,Mam,1,Material,,,-25%,,,,,,,^50%,Immune,,^50%,-25%,,,^50%,^50%,-25%,Immune,Immune,,,,,,,
A,290,Barone Von Bellycose,2,Demon,,,Immune,^50%,-25%,Immune,,,,,^50%,,,Immune,^50%,-25%,^50%,,,^50%,-25%,,,,,Immune,,
A,291,Gemon,2,Demon,,,,^50%,-25%,Immune,,,,,^50%,,,Immune,^50%,-25%,^50%,,,Immune,,Immune,,,,Immune,,
A,292,Guardarosa,1,Zombie,-25%,,,,,^50%,,,,Immune,-25%,-25%,^50%,Immune,,Immune,,,^50%,,-25%,,,,,Immune,,
A,293,Paladinorribilis,1,Zombie,-25%,,,Immune,,^50%,,,Immune,,,-25%,^50%,Immune,,Immune,,Immune,^50%,,-25%,,,,,,,
A,294,Slime Nemo,1,Slime,-25%,,,Immune,^50%,-25%,,,,,Reflect,,,,,-25%,,Immune,Immune,^50%,,,,,-25%,^50%,,
A,295,Mechadrago,1,Dragon,,,,,,,Immune,,,-25%,Immune,^50%,-25%,,,Immune,,,-25%,,^50%,Immune,,Immune,,,,
A,296,Fiore della morte,2,Nature,,^50%,^50%,,,,-25%,,-25%,^50%,^50%,,Immune,^50%,-25%,Immune,^50%,,,-25%,^50%,,Immune,,Immune,,,
A,297,Alfino,2,Beast,^50%,Immune,,-25%,,,,,Immune,,Immune,,Immune,^50%,Immune,^50%,-25%,-25%,,^50%,,,,,,,Immune,
A,298,Bu,1,Material,,,-25%,,,,,,,^50%,Immune,,^50%,-25%,,,^50%,^50%,-25%,,Immune,,,,-25%,Immune,,
A,299,Duran,1,Demon,,,Immune,^50%,-25%,,,,,,,Immune,,^50%,Immune,-25%,,Immune,,^50%,-25%,,,,,Immune,,
A,300,Bestiah,1,Demon,,Absorb,,^50%,-25%,,,,,,Immune,,,^50%,Immune,-25%,,,,^50%,-25%,,,,,Immune,,
A,301,Scimmia Zombie,1,Zombie,-25%,,,^50%,,^50%,,,^50%,,Immune,-25%,^50%,Immune,,Immune,,,^50%,,-25%,,,,,,,
A,302,Baron Skeletro,1,Zombie,-25%,,,,,^50%,,,,,Immune,-25%,^50%,Immune,Immune,Immune,,,^50%,,-25%,,,,,,,
A,303,Kon ,1,Nature,,^50%,Immune,,,,-25%,,Immune,,,,,,-25%,^50%,,,,-25%,^50%,,Immune,,Immune,,,
A,304,Drosal Fiend,2,Beast,^50%,,,-25%,,,,,,,Immune,,,Immune,Immune,,-25%,-25%,,^50%,Immune,,,,,,Immune,
A,305,Guerriero di terracotta,2,Material,,,-25%,,,,,,,^50%,Immune,,Immune,-25%,Immune,^50%,Immune,^50%,-25%,,Immune,,,,,,,
A,306,Rosapiteco,1,Demon,,,,Immune,,,,,,,Immune,,,^50%,Immune,-25%,,,,^50%,-25%,,,,,Immune,,
A,307,Terrorantula,2,Zombie,-25%,,,^50%,,Immune,,,^50%,-25%,Immune,-25%,^50%,^50%,^50%,^50%,^50%,,^50%,,,,,,,,,
A,308,Re Metalslime,1,Slime,Immune,Immune,Immune,Immune,Immune,Immune,Immune,Immune,Immune,Immune,Immune,Immune,Immune,Immune,,Immune,Immune,^50%,,,,Immune,Immune,Immune,,^25%,Immune,Immune
A,309,Korol,1,Demon,,Immune,,^50%,-25%,,,,,,,,,^50%,Immune,-25%,,,,^50%,-25%,,,,,Immune,,
A,310,Generale Soinos,1,Beast,^50%,,,-25%,,,,Immune,,Immune,,,Immune,,^50%,,-25%,-25%,,^50%,,,,,,,Immune,
A,311,Generale Gufus,1,Demon,,,,^50%,-25%,,,,,,,,,^50%,Immune,-25%,,,,^50%,-25%,,,,Immune,Immune,,
A,312,Taurus,2,Beast,^50%,,,-25%,Immune,,,,,Immune,^50%,Immune,Immune,^50%,Immune,^50%,-25%,-25%,,^50%,,,,Immune,,,Immune,
A,313,Capricorn,2,Zombie,-25%,,Immune,Immune,,^50%,,,,,Immune,-25%,^50%,^50%,^50%,^50%,^50%,,^50%,,-25%,,,,,,,
A,314,Forte di Nadiria,3,Material,,,-25%,,,,,,,Immune,Immune,,Immune,Immune,Immune,Immune,Immune,^50%,-25%,,Immune,,,,-25%,-25%,,
A,315,Empyrea,3,Nature,,^50%,,,Absorb,-25%,-25%,,,,Immune,,Immune,Immune,Immune,Immune,Immune,,,-25%,^50%,,Immune,,Immune,,,
A,316,Stella,1,？？？系,,-25%,^50%,,Absorb,-25%,,,,,Immune,,,,-25%,-25%,,-25%,^50%,,,,,,^50%,-25%,,
A,317,Mini Zoma,1,？？？系,,-25%,^50%,,,Immune,,,,,Immune,,,,,Immune,,-25%,^50%,,,Immune,,,^50%,-25%,,
S,318,Tankissimus,3,Slime,,,,,Immune,-25%,,,,,Reflect,,Immune,Immune,Immune,Immune,Immune,^50%,,-25%,,-25%,,,-25%,^50%,Immune,
S,319,Black Dragon ,1,Dragon,,Immune,,,,Immune,Immune,,,-25%,Immune,^50%,-25%,,,,,,-25%,,^50%,,,,,,,
S,320,Scaradozer,1,Nature,-25%,^50%,,,,,-25%,,,,,,Immune,Immune,-25%,^50%,Immune,,,-25%,^50%,,,,,,,
S,321,Atlas,2,Beast,^50%,,,-25%,,,,,,,Immune,,Immune,^50%,Immune,Immune,-25%,-25%,,^50%,,,,,,,,
S,322,Sanguinigenio,1,Beast,^50%,,,-25%,,,,,,,,Immune,,Immune,Immune,Immune,-25%,-25%,,^50%,,,,,,,,
S,323,Trap Box ,1,Material,,,-25%,,,,,,,^50%,Immune,,Immune,-25%,,Immune,^50%,^50%,-25%,,,,,,,,,
S,324,Dullahan,1,Zombie,-25%,,,,,^50%,,,,,,-25%,^50%,Immune,,Immune,,,^50%,,-25%,,,Immune,,,,
S,325,Slime Perbellum,1,Slime,,Immune,,,^50%,-25%,,,,,,,,,^50%,^50%,^50%,Immune,,-25%,,,,Immune,-25%,^50%,,
S,326,Draku Lard,1,Dragon,Immune,,,,Immune,,^50%,,,-25%,Immune,^50%,-25%,,,,,,-25%,,^50%,,,,,,,
S,327,Piovra regina,2,Nature,,^50%,,,,,-25%,,,Immune,^50%,,^50%,Immune,Immune,Immune,Immune,,,-25%,^50%,,,,,,,
S,328,Don Mole,1,Beast,^50%,,,-25%,,,,,,Reflect,,Immune,,-25%,Immune,,-25%,-25%,,^50%,,,,,,,,
S,329,Robocentauro,1,Material,,-25%,-25%,,,,,,,^50%,Immune,,Immune,-25%,,,^50%,^50%,-25%,,,,,Immune,,,,
S,330,Aamon,2,Demon,,,,^50%,-25%,,,,,,Immune,,,Immune,^50%,-25%,^50%,,,^50%,-25%,,,,Immune,,,Immune
S,331,Pope Skriterioska,1,Zombie,-25%,,,,,Immune,,,,,Immune,-25%,^50%,,,,,,^50%,Immune,-25%,,,,,,,
S,332,Tri Aculeo,2,Dragon,,,,,,,^50%,,,-25%,Immune,^50%,-25%,Immune,Immune,Immune,Immune,,-25%,,^50%,,,,,,,
S,333,Pipetto Anziano,1,Nature,,^50%,Immune,,Immune,,-25%,,,,,,,,-25%,^50%,,,,-25%,^50%,,,,,Immune,,
S,334,Randellatore notturno,1,Beast,^50%,,,-25%,,,,,,,Immune,,,,^50%,,-25%,-25%,,^50%,,,,,,,,
S,335,Scudorkus,1,Material,,Immune,-25%,,,,Immune,,,^50%,Immune,,,-25%,,,^50%,^50%,-25%,,,,,,,,Immune,
S,336,Neromar,1,Demon,,Immune,,^50%,-25%,,,,,,Immune,,,^50%,,-25%,,,,^50%,-25%,,,,,,Immune,
S,337,Druido supremo,1,Zombie,-25%,Immune,Immune,Immune,^50%,Immune,Immune,,,,Immune,-25%,^50%,,,,Immune,,^50%,,-25%,,,,,,,
S,338,Ragazza Slider,2,Slime,,,Immune,Immune,^50%,-25%,,,Immune,,Immune,,Immune,Immune,Immune,Immune,Immune,^50%,,-25%,,,,Immune,-25%,^50%,Immune,
S,339,Dragobastro,2,Dragon,,,,,Absorb,,^50%,,Immune,-25%,Immune,^50%,-25%,Immune,Immune,Immune,Immune,,-25%,,^50%,,,,,,,
S,340,Pavone prismatico,1,Nature,Immune,^50%,,Immune,,,-25%,Immune,Immune,,,,-25%,-25%,-25%,^50%,-25%,,,-25%,^50%,,,,,,,
S,341,Musferatu,1,Beast,^50%,,Immune,-25%,,,,,Immune,-25%,,,Immune,,^50%,,-25%,-25%,,^50%,,,,,,,,
S,342,Semper Actualis,1,Material,,,-25%,Immune,,,,,,^50%,Immune,,,-25%,,,^50%,^50%,-25%,,,,,,,Immune,,
S,343,Titanis,2,Demon,,,,^50%,-25%,,,,,,Immune,,,Immune,Immune,-25%,Immune,,,^50%,-25%,,,,,,,
S,344,Slime Darkonium,2,Slime,Immune,Immune,Immune,Immune,Immune,Immune,Immune,Immune,Immune,Immune,Immune,,Immune,Immune,,Immune,Immune,^50%,,,,Immune,Immune,Immune,,,Immune,Immune
S,345,Grifotauro,2,Dragon,,,,,,,^50%,,,-25%,Immune,^50%,-25%,-25%,-25%,^50%,^50%,,-25%,,^50%,,,,,,,
S,346,Goresby Purrvis,1,Nature,,^50%,,,,Immune,-25%,,,,,Immune,,,-25%,^50%,,,,-25%,^50%,,,Immune,,,Immune,
S,347,Balzack,2,Beast,Immune,,,-25%,,,Immune,Immune,,,Immune,,,,Immune,,-25%,-25%,,^50%,,,,,,,,
S,348,Dragonlord,1,Dragon,,,,,,,Immune,,,-25%,Immune,^50%,-25%,,,,,,-25%,,Immune,,,,Immune,,,Immune
S,349,Re Sanguini,2,Beast,^50%,,,-25%,Absorb,,,,,Immune,Immune,,,^50%,Immune,^50%,-25%,-25%,,^50%,,,,,Immune,Immune,,
S,350,Mambu-Jambo,1,Material,,,-25%,,,,,,,^50%,Immune,,,-25%,,,Immune,^50%,-25%,,,,,^50%,,,^50%,
S,351,Lacertow,1,Demon,,,,^50%,-25%,Immune,,,,,Immune,,,^50%,,-25%,,,,^50%,-25%,Immune,,,-25%,,,
S,352,Padramos,1,Demon,Immune,Immune,,^50%,-25%,,,,,,Immune,-25%,,^50%,,-25%,,,,^50%,-25%,,,,,,,
S,353,Hargon,1,Demon,,,,^50%,-25%,,,,,,Immune,Immune,,^50%,,-25%,,,,^50%,-25%,,,,Immune,,,
S,354,Malroth,2,Demon,,,-25%,^50%,-25%,Absorb,,,,,Immune,,Immune,Immune,Immune,-25%,Immune,,,^50%,-25%,,,,,,,
S,355,Darck,1,？？？系,,-25%,^50%,,,,,,,,Immune,Immune,,Immune,Immune,Immune,Immune,-25%,^50%,,,Immune,Immune,Immune,^50%,-25%,Immune,Immune
S,356,Tiranosfascia,1,Demon,,,,^50%,-25%,,,,,,Immune,,,^50%,Immune,-25%,Immune,,,^50%,-25%,,,,,,,
S,357,Capitan Crow,1,Zombie,-25%,,,,,^50%,,,,,Immune,-25%,^50%,Immune,,Immune,,,^50%,,-25%,,,,,,,
S,358,Nonno Slime,2,Slime,,,,,^50%,-25%,,,,,Immune,,Immune,Immune,^50%,Immune,Immune,^50%,,-25%,,,,,-25%,^50%,,
S,359,Cancerio,3,Slime,Reflect,Reflect,Reflect,Reflect,Reflect,,Reflect,,,,Immune,,Immune,Immune,Immune,Immune,Immune,^50%,,-25%,,,,,-25%,^50%,,
S,360,Piovron,3,Nature,,^50%,,,,,-25%,,-25%,,Immune,,Immune,Immune,Immune,Immune,Immune,,,-25%,^50%,,,,,Immune,,
S,361,Dholmagus,1,Beast,^50%,^50%,Immune,-25%,-25%,Reflect,,,,,Immune,,,,^50%,,-25%,-25%,,^50%,,,,,,,,
S,362,Cybercentauro,1,Material,Immune,,-25%,,,,,,,^50%,Immune,,Immune,-25%,Immune,,^50%,^50%,-25%,,,,,Immune,,,,
S,363,Slime Blaster,3,Slime,Immune,,,Immune,^50%,-25%,,-25%,-25%,,Immune,,Immune,Immune,Immune,Immune,Immune,^50%,,-25%,,,,,-25%,^50%,,
S,364,Re Godwyn II,3,Zombie,-25%,Immune,,Immune,,Immune,,,Immune,,Immune,-25%,^50%,Immune,Immune,Immune,Immune,,^50%,,-25%,,,,,,,
S,365,Rovina,3,Material,,,-25%,,,,,,,Immune,Immune,,Immune,Immune,Immune,Immune,Immune,^50%,-25%,,,,,,,,,
SS,366,Prezioslime,2,Slime,Immune,Immune,Immune,Immune,Immune,Immune,Immune,Immune,Immune,Immune,Immune,,Immune,Immune,,Immune,Immune,^50%,,,,Immune,Immune,Immune,,^25%,Immune,Immune
SS,367,Dragonlord,2,Dragon,,,,,,,^50%,Immune,Immune,-25%,Immune,^50%,-25%,Immune,Immune,^50%,Immune,,-25%,,^50%,,,,,,,
SS,368,Leopold,1,Nature,,^50%,,,-25%,Absorb,-25%,,,,Immune,,-25%,-25%,-25%,^50%,-25%,Immune,,-25%,^50%,,,,,,,
SS,369,Psaro,2,Material,,-25%,-25%,,,,,,,^50%,Immune,,Immune,^50%,Immune,Immune,Immune,^50%,-25%,,,Immune,,,,,,
SS,370,Robbin's Lady,2,Beast,^50%,,Immune,-25%,,Immune,,,Immune,Immune,Immune,,,^50%,Immune,^50%,-25%,-25%,,^50%,,,,,,,,
SS,371,Principe Latrum,1,Demon,,,,^50%,-25%,,,,,,Immune,,,^50%,Immune,-25%,,,,^50%,-25%,,,Immune,,,Immune,
SS,372,Nimzo,2,？？？系,,-25%,^50%,,,Absorb,,,,,Immune,,Immune,Immune,Immune,Immune,Immune,-25%,^50%,,,,,,^50%,-25%,,
SS,373,Xiphos,3,Dragon,,,,,,Immune,^50%,,,-25%,Immune,^50%,^50%,Immune,Immune,Immune,Immune,,-25%,,^50%,,,Immune,,,,
SS,374,Sliamante,1,Slime,Immune,Immune,Immune,Immune,Immune,Immune,Immune,Immune,Immune,Immune,Immune,,Immune,Immune,,Immune,Immune,^50%,,,,Immune,Immune,Immune,,^25%,Immune,Immune
SS,375,Orochi,3,Dragon,,,,-25%,,,^50%,Immune,,-25%,Immune,^50%,^50%,Immune,Immune,Immune,Immune,,-25%,,^50%,,,,,,,
SS,376,Trode,1,Nature,,^50%,,,,,-25%,Immune,,,Immune,,,,-25%,^50%,,,,-25%,^50%,,,,,Immune,Immune,
SS,377,Pruslas,3,Beast,^50%,,,-25%,,,,,,Immune,Immune,,Immune,Immune,Immune,Immune,Immune,-25%,,^50%,,,,,,,,
SS,378,Traumatizzator,2,Material,,,-25%,,Immune,,,,,^50%,Immune,,Immune,^50%,Immune,Immune,Immune,^50%,-25%,,,,,Immune,,,,
SS,379,Scruffy,1,Demon,,,,^50%,-25%,Absorb,,,,,Immune,,,^50%,,-25%,,,,^50%,-25%,,Immune,,,,,
SS,380,Prof Briskod,2,Zombie,-25%,,,,-25%,Absorb,,,,,,,Immune,Immune,Immune,Immune,Immune,,^50%,,,,,,,,,
SS,381,Zoma,1,？？？系,,-25%,^50%,,-25%,,,,,,Immune,^50%,,,-25%,,,-25%,^50%,,,^50%,,,^50%,Immune,,
SS,382,Re Metaliquislime,3,Slime,Immune,Immune,Immune,Immune,Immune,Immune,Immune,Immune,Immune,Immune,Immune,,Immune,Immune,^50%,Immune,Immune,^50%,,,,Immune,Immune,Immune,,^25%,Immune,Immune
SS,383,Barbarus,2,Dragon,,,,,-25%,Absorb,^50%,,Immune,-25%,Immune,^50%,-25%,Immune,Immune,Immune,Immune,,-25%,,^50%,,,,,,,
SS,384,Divino,1,Nature,,^50%,,,Immune,-25%,-25%,,,,Immune,,,,-25%,^50%,,,Immune,^50%,^50%,,,,,,,
SS,385,Ovattino,1,Beast,^50%,,,-25%,Immune,,,,,,Immune,,,,^50%,,-25%,-25%,,^50%,Immune,,,,,,,
SS,386,Carro Slival,3,Material,,,-25%,,,Immune,,,,Immune,Immune,,Immune,Immune,Immune,Immune,Immune,^50%,-25%,,,,,,,,,
SS,387,Moltomort,2,？？？系,,-25%,^50%,,,,,Immune,Immune,,Immune,,Immune,Immune,Immune,Immune,Immune,-25%,^50%,,,,,-25%,^50%,-25%,,
SS,388,Re Babbuino,3,？？？系,^50%,-25%,^50%,,^50%,^50%,^50%,^50%,,,Immune,,Immune,Immune,Immune,Immune,Immune,-25%,^50%,,,,,,^50%,-25%,,
SS,389,Dragriphon,2,Dragon,,,,,Absorb,-25%,^50%,Immune,,-25%,Immune,^50%,-25%,Immune,Immune,Immune,Immune,,-25%,,^50%,,,,,,,
SS,390,Yggdrasil,3,Nature,,^50%,Immune,,,,-25%,,,,Immune,,Immune,Immune,Immune,Immune,Immune,,,-25%,^50%,,,,,,,
SS,391,Sagitta,3,Material,,Immune,-25%,,Immune,,,,,^50%,Immune,,Immune,Immune,Immune,Immune,Immune,^50%,-25%,,,,,,,,-25%,
SS,392,Granvert,2,？？？系,,-25%,^50%,,,,,Reflect,Reflect,,Immune,,Immune,^50%,Immune,Immune,Immune,-25%,^50%,,,,-25%,,^50%,-25%,,
SS,393,Gadis,3,？？？系,,-25%,^50%,,,Absorb,,,,,Immune,,Immune,Immune,Immune,Immune,Immune,-25%,^50%,,,,,,^50%,-25%,,
SS,394,Xenlon,2,Dragon,,,,,,,^50%,Reflect,Reflect,-25%,Immune,^50%,-25%,Immune,Immune,Immune,Immune,,-25%,,^50%,,,,,,,
SS,395,Munchie,1,Nature,,^50%,,,Absorb,,-25%,Immune,Immune,,,,,Immune,^50%,Immune,Immune,,,-25%,^50%,Immune,,,,,,
SS,396,Nokturnus,1,Demon,Immune,,,^50%,Immune,Immune,,,,,Immune,,,^50%,,-25%,,Immune,Immune,Immune,,,,,,,,
SS,397,Rhapthorne,1,？？？系,,-25%,^50%,,,Absorb,Immune,,,,Immune,,,,,,,-25%,^50%,,,,^50%,,^50%,-25%,,
SS,398,Dark Robot Slime,3,Slime,Immune,,,Immune,^50%,-25%,,Immune,Immune,,Immune,,Immune,Immune,Immune,Immune,Immune,^50%,,-25%,,,,,-25%,^50%,,
SS,399,Drago dimensionale,2,Dragon,,,,,,,^50%,,,-25%,Immune,^50%,-25%,Immune,Immune,Immune,Immune,,-25%,,^50%,,,,,,,
SS,400,Aquarion,3,Beast,^50%,,,-25%,,,,,,,Immune,,Immune,Immune,Immune,Immune,Immune,-25%,,^50%,,-25%,,,Immune,,,
SS,401,Estark,3,Material,,,-25%,,,,,,,^50%,Immune,,Immune,Immune,Immune,Immune,^50%,^50%,-25%,,,,,Immune,,,,
SS,402,Rhapthorne II,3,？？？系,,-25%,^50%,,,Absorb,,,,Immune,Immune,,Immune,Immune,Immune,Immune,Immune,-25%,^50%,-25%,,,,,^50%,-25%,,
SS,403,Terrore alato,3,Nature,,^50%,,,Absorb,-25%,-25%,,,,Immune,,Immune,Immune,Immune,Immune,Immune,,,^50%,^50%,,,,,,,
SS,404,Malevoleonex,3,？？？系,,-25%,^50%,Immune,,,,,,,Reflect,,Immune,Immune,Immune,Immune,,-25%,^50%,-25%,,,Immune,,^50%,-25%,Immune,
SS,405,Leonex,3,？？？系,Immune,-25%,^50%,,,,,,,,Reflect,,Immune,Immune,Immune,Immune,Immune,-25%,^50%,,-25%,,,Immune,^50%,-25%,,
SS,406,Rigor Mortex,3,？？？系,,-25%,^50%,,,Immune,Reflect,,,,Immune,,Immune,Immune,Immune,Immune,Immune,-25%,^50%,-25%,,,,,^50%,-25%,,
SS,407,Magarugi,3,？？？系,,-25%,^50%,,Immune,Immune,,,,,Immune,,Immune,Immune,Immune,Immune,Immune,-25%,^50%,,,,,,^50%,-25%,,
SS,408,Corvus,1,？？？系,,-25%,^50%,,Reflect,Reflect,,,,,Immune,,,,,,,-25%,^50%,,,,,,^50%,-25%,,
SS,409,Sire Dragoviano,2,Dragon,,,,,,,^50%,Immune,Immune,-25%,Immune,^50%,-25%,Immune,Immune,Immune,Immune,,-25%,,^50%,,,,,,,
SS,410,Drago di Zenithia,3,Dragon,,,,,Immune,,^50%,Absorb,Absorb,-25%,Immune,^50%,^50%,Immune,Immune,Immune,Immune,,-25%,,^50%,,,,,,,
SS,411,Babbuincubo,3,？？？系,,-25%,^50%,Immune,Immune,Immune,,,Immune,,Immune,,Immune,Immune,Immune,Immune,Immune,-25%,^50%,,,,,,^50%,-25%,,
SS,412,Lupicche,1,？？？系,,-25%,^50%,,,,,^50%,,,^50%,,^50%,,,^50%,,-25%,^50%,,,,,,^50%,-25%,,^50%
SS,413,Cuordifalco,1,？？？系,^50%,,^50%,^50%,^50%,,^50%,,^50%,,^50%,,-25%,-25%,-25%,-25%,-25%,-25%,^50%,,,,,,^50%,-25%,,
SS,414,Fiorango,1,？？？系,,-25%,^50%,,,,,^50%,,,^50%,,^50%,,,,^50%,-25%,^50%,,,,,,^50%,-25%,^50%,
SS,415,Quadrago,1,？？？系,,-25%,^50%,,,,,,^50%,,^50%,,^50%,^50%,,,,-25%,^50%,,,,,^50%,^50%,-25%,,
SS,416,Lupicche Asso,1,？？？系,,-25%,^50%,,,,,Immune,,,Immune,,Immune,,,Immune,,-25%,^50%,,,,,,^50%,-25%,,Immune
SS,417,Cuordifalco Asso,1,？？？系,Immune,^50%,Immune,Immune,Immune,^50%,Immune,,Immune,,Immune,,-25%,-25%,-25%,-25%,-25%,-25%,^50%,,,,,,,-25%,,
SS,418,Fiorango Asso,1,？？？系,,-25%,^50%,,,,,,Immune,,Immune,,Immune,,,,Immune,-25%,^50%,,,,,,^50%,-25%,Immune,
SS,419,Quadrago Asso,1,？？？系,,-25%,^50%,,,,,,Immune,,Immune,,Immune,Immune,,,,-25%,^50%,,,,,Immune,^50%,-25%,,
SS,420,Asso di picche,1,？？？系,,-25%,^50%,,-25%,Absorb,,Immune,,,Immune,,,,,,,-25%,^50%,,,,,,^50%,-25%,,
SS,421,Joker,1,？？？系,,-25%,^50%,,Absorb,-25%,,Immune,,,-25%,,,,,,Reflect,-25%,^50%,,,,,,^50%,-25%,,Immune
