Grado,#,Mostro,Dim.,Famiglia,PV,PM,Att.,Dif.,Agi.,Int.,Abilità e tratti,,,
F,1,Multifoglia,1,Slime,760,340,550,660,670,500,Recupera & risparmia,Astuzia della Morte rapida,Whack Attack,Velocipiù immediato
F,2,Lacertoflamma,1,Drago,740,400,660,540,620,320,Evasione totale,Attacco multiplo,Ammazzagiganti,Astuzia del Respiro di fuoco
F,3,Cruelcucumber,1,Natura,660,480,680,720,430,580,Ultimatum,Astuzia dello Stoopid,Magic Drain Attack,Counterslammer
F,4,Picchiune,1,Bestia,720,380,620,650,590,560,Centro perfetto,Agguato esperto,Astuzia della Danzaluce,1-2 Moves
F,5,Ferocandela,1,Materiale,650,360,740,750,560,580,Guru della Fiamma,Crafty Decelerater ,Protective Fog,Astuzia della Fiamma
F,6,Monocolo,1,Demone,660,420,640,820,540,560,Desperado,Astuzia dello Spruzzo,Gardameh,1-2 Moves
F,7,Fuoco fatuo,1,Non-morti,780,480,360,670,580,700,Guru della Fiamma,Astuzia della Fiamma,Guru del Pyro,Magic Drain Attack
F,8,Slime,1,Slime,720,280,680,570,780,500,Mitico critico,Astuzia della Fiamma,Guru del Fulmine,1-2 Moves
F,9,Giallosauro,1,Drago,800,120,760,580,760,200,Astuzia del Respiro di fuoco,Fuga da maestro,Fortunato,1-2 Moves
F,10,Zanzakiller,1,Natura,720,300,720,450,800,460,Evasione totale,Hit Squad (6),Vento frenante casuale,1-2 Moves
F,11,Ornitorink,1,Bestia,680,380,700,740,580,400,Hit Squad (3),Fascino strano,Enemy Tension Down,Random Fizzle
F,12,Sacco golosone,1,Materiale,700,480,520,580,670,700,Astuzia del Sonnolento,Astuzia dell'Inazione,Intellygo immediato,Ammazza Metallo
F,13,Vampistrello,1,Demone,640,380,610,670,920,540,Evasione totale,Astuzia del Vento,Astuzia dell'Indebolente,Ally Tension Rise
F,14,Phantasma,1,Non-morti,650,480,580,620,710,700,Evasione totale,Astuzia dello Spruzzo,Astuzia del Debilis,Sleep Attack
F,15,Maluovo,1,Slime,680,380,600,880,580,520,Astuzia del Blocca-K.O.,Astuzia della Danza proibita,Magic Drain Body,Rare Tension
F,16,Frufrina,1,Drago,800,260,700,660,470,300,Centro perfetto,Astuzia del Respiro di fuoco,Ooomph immediato,Astuzia del Confusore
F,17,Pepe & Rone,1,Natura,740,440,560,600,560,560,Ally Tension Rise,Astuzia del Bloccacolpi,Rigenerazione magica,Whack Attack
F,18,Cattivalpa,1,Bestia,710,280,720,700,640,440,Increase Tension,Item Chance Up,Gold Up,1-2 Moves
F,19,Pu pazzo,1,Materiale,700,360,690,800,560,280,Astuzia della Danza proibita,Astuzia del Confusore,Magic Drain Attack,1-2 Moves
F,20,Smacker,1,Demone,690,440,640,700,540,480,Astuzia del Confusore,Astuzia dell'Indebolente,Random Fizzle,Astuzia dell'Inazione
F,21,Ceppo Geppo,1,Non-morti,740,360,680,820,350,380,Astuzia dell'Abilitatore,Astuzia del PickMagic,Magic Drain Attack,Rigenerazione magica
F,22,Bollaslime,1,Slime,680,460,620,680,580,520,Poison Body,Astuzia dell'Elektron,Poison Attack,1-2 Moves
F,23,Dragospino,1,Drago,780,240,580,820,630,380,Evasione totale,Astuzia del Veleno,Sleep Attack,Astuzia del PickMagic
F,24,Killarpillar,1,Natura,700,380,620,690,620,580,Desperado,Poison Attack,Superdifesa immediata,Contrattaccante
F,25,Satyro,1,Bestia,740,340,640,700,520,520,Scout Chance Up,Random Fizzle,Astuzia del Sonnolento,Astuzia del Confusore
F,26,Burrm a orologeria,1,Materiale,710,360,720,720,480,400,Guru della Gravitas,Ooomph casuale,Tensione casuale,Random Nether Fog
F,27,Taglialbero,1,Demone,640,480,620,680,710,500,Evasione totale,Hit Squad (4),Astuzia del Confusore,1-2 Moves
F,28,Nauseafungus,1,Non-morti,680,400,660,700,600,520,Astuzia del Veleno,Confusion Attack,Astuzia della Danzaluce,Counterslammer
F,29,Dottor Slime,1,Slime,640,480,490,660,840,800,Recupera & risparmia,Astuzia del PickMagic,Magic Drain Attack,Gardameh
F,30,Dragocertola,1,Drago,800,160,760,620,620,240,Fuga da maestro,Paralysis Attack,Prima e meglio,Astuzia dello Stoopid
F,31,Formica soldato,1,Natura,680,280,740,820,580,480,Superdifesa immediata,Astuzia dell'Abilitatore,Ooomph immediato,Desperado
F,32,Martellus,1,Bestia,780,160,800,640,540,360,Increase Tension,Ally Tension Rise,Desperado,Tensione immediata
F,33,Spirito gelido,1,Materiale,700,380,680,630,600,500,Guru del Gelo,Astuzia del Respiro ghiacciato,Astuzia del Gelo,Ammazzastandard
F,34,Vegetribù,1,Demone,680,320,660,660,840,440,Hit Squad (4),Scout Chance Up,Increase Tension,1-2 Moves
F,35,Mano,1,Non-morti,700,420,680,590,570,480,Astuzia dell'Abilitatore,Astuzia del Bloccacolpi,Astuzia del Confusore,Confusion Attack
F,36,Slimetta,1,Slime,800,320,600,530,600,460,Guru della Fiamma,Astuzia della Danzaluce,Astuzia dello Spruzzo,Astuzia del Blocca-K.O.
F,37,Jargon,1,Drago,800,160,780,800,300,440,Mitico critico,Rare Tension,Ammazzastandard,Desperado
F,38,Ghiandaia floreale,1,Natura,640,360,640,600,950,580,Velocipiù immediato,Astuzia dello Spruzzo,Fascino strano,Fortunato
F,39,Scaraforbici,1,Natura,780,280,660,920,320,320,Increase Tension,Astuzia del Paralizzante,Persistent,Tensione immediata
F,40,Kan Kanide,1,Bestia,730,180,740,740,660,480,Enemy Tension Down,Exp Up,Scout Chance Up,1-2 Moves
F,41,Sole & Soletto,1,Materiale,680,480,680,720,440,400,Guru del Bang,Astuzia del Bang,Sveglia ritardata,Anticontrattaccante
F,42,Riccio ribelle,1,Demone,670,480,480,500,900,800,Evasione totale,Recupera & risparmia,Astuzia della Danza proibita,Velocipiù immediato
F,43,Droll,1,Non-morti,680,400,610,620,780,520,Flustered,Magic Drain Body,Astuzia del Diavolo,Fortunato
F,44,Minidrago Slime,1,Slime,700,340,680,560,740,520,Evasione totale,Astuzia del Pyro,Velocipiù immediato,Desperado
F,45,Lacertoflamma,1,Drago,740,360,620,480,840,320,Evasione totale,Guru del Fulmine,Crafty Saboteur,Ammazzastandard
F,46,Infernape,1,Natura,660,340,650,520,980,560,Evasione totale,Paralysis Attack,Astuzia del Paralizzante,Random Nether Fog
F,47,Beck Beck,1,Bestia,700,330,720,560,710,460,Hit Squad (2),Astuzia dello Stoopid,Fuga da maestro,1-2 Moves
F,48,Maskerossa,1,Materiale,720,320,680,980,280,520,Astuzia della Danzaluce,Vento frenante immediato,Velocipiù immediato,Pressure
F,49,Mostradamus,1,Demone,690,480,600,550,530,800,Contrattaccante,Astuzia della Danza proibita,Astuzia del Blocca-K.O.,Ritorno a sorpresa
F,50,Ghoul sbavante,1,Non-morti,630,480,660,540,670,780,Sleep Attack,Astuzia del Velocimeno,Astuzia del Bloccacolpi,1-2 Moves
E,51,Slimpunk,1,Slime,760,260,800,500,480,520,Increase Tension,Astuzia del Fulmine,Tensione immediata,1-2 Moves
E,52,Serpe boreale,2,Drago,1150,320,820,720,590,820,1-2 Mega Moves,Evasione totale,Guru del Gelo,Astuzia del Respiro ghiacciato
E,53,Peso gallo,2,Natura,1020,440,840,660,940,720,1-2 Mega Moves,Evasione totale,Fuga da maestro,Tensione casuale
E,54,Yeeteeh,1,Bestia,740,260,760,680,460,520,Hit Squad (2),Astuzia del Respiro ghiacciato,Guru del Gelo,Contrattaccante
E,55,Magibambola,1,Materiale,660,480,580,670,600,740,Crafty Saboteur,Astuzia dello Stoopid,Counterslammer,Ammazza Metallo
E,56,Ranassassina,1,Demone,680,420,680,620,540,640,Ooomph immediato,Astuzia della Morte rapida,Astuzia del Blocca-K.O.,Whack Attack
E,57,Cocco di mummia,1,Non-morti,720,400,660,700,500,400,Sleep Attack,Astuzia del Velocimeno,Mitico critico,Crafty Saboteur
E,58,Guscioslime,1,Slime,780,480,420,960,240,560,Scout Chance Up,Crafty Saboteur,Superdifesa immediata,Critical Guard
E,59,Dragocorno,1,Drago,760,260,760,660,500,320,Increase Tension,Astuzia dell'Inazione,Astuzia dell'Abilitatore,Whack Attack
E,60,Peracolosa,1,Natura,660,460,680,660,460,720,Poison Attack,Guru del Pyro,Astuzia dell'Abilitatore,Magic Drain Attack
E,61,Pan,1,Bestia,730,320,630,700,540,680,Sleep Attack,Astuzia del Sonnolento,Desperado,Ally Tension Rise
E,62,Asciaboia,1,Materiale,760,240,740,660,440,600,Astuzia del Velocimeno,Superdifesa casuale,Mitico critico,1-2 Moves
E,63,Cacciateste,1,Demone,660,340,800,660,700,240,Battimetallo,Astuzia della Morte rapida,Ammazza Metallo,Whack Attack
E,64,Cavaliere feroce,1,Non-morti,680,220,680,700,880,600,Contrattaccante,Astuzia del Debilis,Ooomph immediato,Prima e meglio
E,65,Slime maculato,1,Slime,720,360,620,640,660,520,Astuzia del Fulmine,Guru della Gravitas,Imaginative,1-2 Moves
E,66,Rapax,1,Drago,760,230,720,810,400,500,Evasione totale,Vento frenante immediato,Guru della Fiamma,1-2 Moves
E,67,Cactusfera,1,Natura,720,230,800,630,580,500,Centro perfetto,Astuzia della Danza proibita,Contrattaccante,Crafty Saboteur
E,68,Gatto vampiro,1,Bestia,700,320,560,590,860,780,Evasione totale,Prima e meglio,Random Fizzle,Astuzia dello Spruzzo
E,69,Esplo-sasso,1,Materiale,760,210,710,940,240,680,Increase Tension,Tensione casuale,Rare Tension,Astuzia della Morte rapida
E,70,Blob bianco,1,Demone,680,480,460,720,680,800,Recupera & risparmia,Astuzia del PickMagic,Guru del Vento,Magic Drain Attack
E,71,Hipster swingante,1,Non-morti,660,360,660,480,880,720,Attacco multiplo,Imaginative,Ammazza Metallo,Sleep Attack
E,72,Droll Diabolista,1,Non-morti,760,360,540,570,680,620,Scout Chance Up,Astuzia del PickMagic,Magic Counter,Astuzia del Diavolo
E,73,Kurridor,1,Drago,760,140,740,580,920,200,Tensione immediata,Astuzia del Respiro di fuoco,Astuzia del Respiro ghiacciato,Mitico critico
E,74,Great Sabercub,1,Natura,720,180,740,740,720,440,Attacco multiplo,Astuzia del Blocca-K.O.,Astuzia della Morte rapida,Crafty Saboteur
E,75,Gelatile,1,Bestia,680,400,660,560,680,640,Evasione totale,Astuzia del Respiro ghiacciato,Random Fizzle,Salvezza stentata
E,76,Danging Flame,1,Materiale,660,420,660,700,600,600,Guru della Fiamma,Astuzia della Fiamma,Astuzia del Respiro di fuoco,Ammazzastandard
E,77,Diavoletto,1,Demone,680,280,680,680,680,800,Guru del Bang,Astuzia del Bang,Astuzia del Respiro di fuoco,Onda distruttrice
E,78,Stivale matto,1,Non-morti,660,380,600,860,680,520,Fuga da maestro,Astuzia della Danza proibita,Rare Tension,Prima e meglio
E,79,Slimaca,1,Slime,720,400,640,1000,160,560,Fuga da maestro,Magic Barrier,Prima e meglio,Corpo Metallico Leggero
E,80,Verdrago,2,Drago,1300,240,760,670,460,540,1-2 Mega Moves,Agguato esperto,Astuzia del Respiro di fuoco,Astuzia del Fulmine
E,81,Chimera,1,Natura,660,420,680,640,600,640,Evasione totale,Hit Squad (2),Ammazzagiganti,Desperado
E,82,Mastino guerriero,1,Bestia,680,300,700,700,680,600,Hit Squad (2),Immediate Fizzle,Astuzia dello Stoopid,1-2 Moves
E,83,Campanella,1,Materiale,640,420,560,880,640,720,Confusion Attack,Gambling Body,Astuzia della Gravitas,Fortunato
E,84,Gruffone,1,Demone,800,400,560,800,300,360,Attacco multiplo,Restless ,Astuzia della Gravitas,Ooomph casuale
E,85,Lupo infernale,1,Non-morti,700,180,700,820,740,560,Increase Tension,Centro perfetto,Velocipiù casuale,Intimidazione
E,86,Homo nevis,1,Slime,660,400,700,740,480,680,Guru del Gelo,Astuzia del Gelo,Astuzia della Morte rapida,Velocipiù immediato
E,87,Libellula,1,Drago,660,420,580,460,940,720,Evasione totale,Astuzia della Danzaluce,Astuzia del Sonnolento,Astuzia dell'Inazione
E,88,Toro incavolato,1,Natura,660,380,720,680,600,560,Contrattaccante,Astuzia del Sonnolento,Increase Tension,Tensione immediata
E,89,Sanguinis,1,Bestia,600,480,600,640,880,640,Evasione totale,Fascino strano,Prima e meglio,Onda di sollievo
E,90,Sacco dentato,1,Materiale,620,480,560,780,680,760,Salvezza stentata,Astuzia del Confusore,Crafty Saboteur,Magic Counter
E,91,Demone danzante,1,Demone,720,460,420,700,720,680,Enemy Tension Reset,Astuzia della Gravitas,Astuzia dello Stoopid,1-2 Moves
E,92,Uomosca,1,Non-morti,660,360,640,660,890,420,Evasione totale,Astuzia dello Stoopid,Poison Body,Astuzia del Veleno
D,93,Paladino Slime,1,Slime,660,420,660,740,560,600,Contrattaccante,Astuzia del Bang,Astuzia dell'Indebolente,Ooomph immediato
D,94,Skeledrago,1,Drago,800,240,720,600,480,400,Guru del Gelo,Guru dell'Elektron,Autoguarigione,Astuzia del Respiro ghiacciato
D,95,Ichtus verde,1,Natura,620,440,680,680,680,640,Paralysing Body,Astuzia dell'Inazione,Poison Attack,Astuzia del Paralizzante
D,96,Re della notte,1,Bestia,680,440,680,680,460,600,Evasione totale,Astuzia del Sonnolento,Restless ,Counterslammer
D,97,Cannibaule,1,Materiale,720,280,720,800,490,460,Desperado,Item Chance Up,Astuzia del Sonnolento,Astuzia della Morte rapida
D,98,Desert Demon,1,Demone,760,340,680,640,360,640,Mitico critico,Astuzia della Gravitas,Salvezza stentata,Ammazza Metallo
D,99,Bulbo ramificato,1,Non-morti,760,280,680,480,580,760,Hit Squad (3),Astuzia dell'Elektron,Counterslammer,Paralysing Body
D,100,Slime metallico,1,Slime,20,480,500,1200,1200,720,Corpo metallico,Flustered,Astuzia del Fulmine,Ritorno a sorpresa
D,101,Slime polifemico,1,Slime,760,220,640,860,480,600,Gambling Body,Superdifesa immediata,Autoguarigione,Critical Guard
D,102,Jargon verde,1,Drago,790,180,680,880,480,320,Exp Up,Gold Up,Item Chance Up,Scout Chance Up
D,103,Rigatto,1,Natura,700,300,660,660,700,640,Guru del Gelo,Fascino strano,Restless ,Sveglia ritardata
D,104,Cane di mare,1,Bestia,680,400,720,560,680,400,Guru del Vento,Ammazzagiganti,Centro perfetto,Enemy Tension Reset
D,105,Ombra,1,Materiale,620,480,540,650,860,740,Guru dell'Elektron,Hit Squad (2),Counterslammer,Magic Drain Body
D,106,Ankora killer,1,Materiale,720,300,700,930,300,580,Astuzia dell'Indebolente,Astuzia della Gravitas,Magic Barrier,Desperado
D,107,Demone minore,1,Demone,680,480,580,600,580,760,Astuzia della Gravitas,Crafty Saboteur,Astuzia del Pyro,Enemy Tension Reset
D,108,Dirigibilio,1,Non-morti,700,420,660,580,560,600,Evasione totale,Hit Squad (3),Confusion Attack,Ammazza Metallo
D,109,Slime angelico,1,Slime,660,480,480,620,820,800,Evasione totale,Recupera & risparmia,Ritorno a sorpresa,Fortunato
D,110,Pallodrago,1,Drago,760,320,680,880,240,480,Ultimatum,Astuzia della Fiamma,Guru del Fulmine,Rigenerazione magica
D,111,Corniglio viola,1,Natura,730,260,620,660,780,560,Increase Tension,Astuzia del Fulmine,Confused Frenzy,Whack Attack
D,112,Pinguinrock,1,Natura,660,420,560,640,860,600,Fortunato,Guru del Vento,Astuzia del Vento,Persistent
D,113,Athos,1,Bestia,620,360,710,660,860,520,Prima e meglio,Guru della Gravitas,Centro perfetto,Contrattaccante
D,114,Menestrello Moai,2,Materiale,1100,520,740,820,420,880,1-2 Mega Moves,Astuzia del Bloccacolpi,Astuzia del Blocca-K.O.,Astuzia della Danza proibita
D,115,Caneffu,1,Materiale,720,380,650,580,560,640,Ultimatum,Persistent,Superdifesa immediata,Astuzia della Gravitas
D,116,Spiritocchio,1,Demone,760,380,680,680,260,600,Attacco multiplo,Restless ,Astuzia del Paralizzante,Tensione immediata
D,117,Skeletro,1,Non-morti,790,240,720,620,480,440,Astuzia dell'Abilitatore,Contrattaccante,Salvezza stentata,Onda distruttrice
D,118,Re Slime maculato,1,Slime,800,260,720,640,340,520,Magic Barrier,Astuzia del Sonnolento,Confused Frenzy,1-2 Moves
D,119,Drago d'acqua,1,Drago,780,180,780,880,280,400,Evasione totale,Protective Fog,Astuzia del Respiro ghiacciato,Autoguarigione
D,120,Zeck,1,Natura,660,360,680,680,650,700,Astuzia del Velocimeno,Astuzia del Debilis,Astuzia dell'Indebolente,Ooomph immediato
D,121,Cinghialorco,1,Bestia,700,360,700,600,580,600,Recupera & risparmia,Intellygo immediato,Astuzia del Bloccacolpi,1-2 Moves
D,122,Carrettiere,1,Materiale,630,380,720,780,640,520,Astuzia dell'Abilitatore,Velocipiù casuale,Whack Attack,Astuzia della Morte rapida
D,123,Golem dorato,1,Materiale,760,300,700,840,320,400,Increase Tension,Astuzia del Velocimeno,Astuzia del PickMagic,Astuzia del Blocca-K.O.
D,124,Silvapiteco,1,Demone,700,440,520,700,600,760,Astuzia dello Spruzzo,Guru del Pyro,Astuzia del Pyro,Magic Counter
D,125,Gigaslime,1,Slime,800,420,660,680,160,400,Increase Tension,Desperado,Astuzia della Danza proibita,Restless
D,126,Porpordrago,2,Drago,1200,240,960,680,380,680,1-2 Mega Moves,Astuzia del Sonnolento,Astuzia del Respiro ghiacciato,Immediate Nether Fog
D,127,Grankiolon,1,Natura,680,260,640,980,680,440,Salvezza stentata,Astuzia del PickMagic,Superdifesa immediata,Fortunato
D,128,Skorpio,1,Natura,660,300,700,1000,520,480,Mitico critico,Paralysis Attack,Astuzia del Veleno,Corpo Metallico Leggero
D,129,Tigre mannara,1,Bestia,700,320,680,770,540,580,Mitico critico,Attacco multiplo,Gardameh,Astuzia della Danza proibita
D,130,Martellus magnus,1,Bestia,700,220,880,700,440,520,Increase Tension,Scout Chance Up,Desperado,Tensione immediata
D,131,Pettirobot,1,Materiale,680,360,620,940,520,520,Evasione totale,Exp Up,Electrifying,Ammazza Metallo
D,132,Destructore,1,Demone,720,480,540,560,520,800,Guru dell'Elektron,Astuzia dello Stoopid,Astuzia del Bang,Onda di sollievo
D,133,Fantagnan,1,Non-morti,620,380,760,480,860,600,Evasione totale,Ammazzagiganti,Mitico critico,Centro perfetto
D,134,Metalcabal Slime,1,Slime,660,320,660,860,680,520,Corpo Metallico Leggero,Contrattaccante,Astuzia del Paralizzante,Ooomph immediato
D,135,Sentripede,1,Natura,740,260,700,1030,280,420,Paralysis Attack,Superdifesa casuale,Paralysing Body,Corpo Metallico Leggero
D,136,Malanguilla,1,Natura,700,320,680,680,680,480,Poison Attack,Astuzia del Debilis,Mitico critico,Astuzia del Velocimeno
D,137,Montone dannato,1,Bestia,660,340,680,820,500,800,Random Fizzle,Imaginative,Astuzia dello Spruzzo,Salvezza stentata
D,138,Gelmonio,1,Materiale,720,360,660,660,480,680,Guru del Gelo,Astuzia del Respiro ghiacciato,Ooomph immediato,Astuzia del Gelo
D,139,Jolly killer,1,Demone,700,260,730,420,920,560,Guru del Fulmine,Velocipiù casuale,Astuzia del Fulmine,1-2 Moves
D,140,Serpe d'ossa,1,Non-morti,720,340,640,640,680,480,Astuzia della Danza proibita,Astuzia del Gelo,Velocipiù casuale,Salvezza stentata
D,141,Gigaslime arancione,1,Slime,800,280,700,740,280,440,Guru della Fiamma,Desperado,Astuzia dell'Inazione,Astuzia del Paralizzante
D,142,Gladiatore marino,1,Drago,680,280,740,680,620,680,Centro perfetto,Astuzia del Bloccacolpi,Ammazzastandard,Critical Guard
D,143,Baby piovra,1,Natura,680,400,680,660,540,640,Fascino strano,Astuzia del PickMagic,Astuzia del Gelo,Magic Drain Attack
D,144,Wormongor,3,Natura,1950,220,680,620,540,480,1-3 Giga Moves,Poison Body,Paralysing Body,Astuzia della Gravitas
D,145,Anselmo Tell,1,Bestia,740,360,620,680,620,360,Astuzia del Veleno,Rare Tension,Poison Attack,Mitico critico
D,146,Armour,1,Materiale,750,220,740,940,280,520,Astuzia dell'Elektron,Gambling Body,Battimetallo,Critical Guard
D,147,Band,1,Demone,740,280,720,600,600,480,Attacco multiplo,Astuzia del Fulmine,Velocipiù casuale,Guru della Gravitas
D,148,Multident,1,Demone,640,400,700,620,660,720,Guru del Pyro,Astuzia del Paralizzante,Astuzia del Blocca-K.O.,Ooomph immediato
C,149,Dragonslime,1,Slime,760,400,780,680,800,640,Evasione totale,Astuzia dell'Indebolente,Protective Fog,Astuzia del Respiro di fuoco
C,150,Asciasauro,1,Drago,880,160,900,640,700,440,Hit Squad (2),Ammazzagiganti,Gardameh,Estremi opposti
C,151,Condor blu,1,Natura,840,440,730,660,630,420,Evasione totale,Astuzia della Danzaluce,Astuzia dello Stoopid,Velocipiù immediato
C,152,Lupomannaro,1,Bestia,740,400,780,680,780,840,Hit Squad (3),Increase Tension,Superdifesa immediata,Tensione immediata
C,153,Rospo blu,2,Bestia,1400,580,760,620,440,520,1-2 Mega Moves,Hit Squad (4),Imaginative,Paralysing Body
C,154,Burattinaio nero,1,Materiale,700,540,720,710,720,900,Ally Tension Rise,Enemy Tension Reset,Enemy Tension Rise,Enemy Tension Down
C,155,Aggroscultura,1,Demone,780,400,800,900,480,600,Guru del Bang,Astuzia del Bang,Poison Attack,Astuzia del Veleno
C,156,Granchio oscuro,1,Non-morti,700,320,620,980,360,560,1-2 Moves,Salvezza stentata,Sfortunato,Corpo Metallico Leggero
C,157,Torreslime,1,Slime,780,420,760,730,660,660,Hit Squad (3),Exp Up,Protective Fog,1-2 Moves
C,158,Testuggine corazzata,1,Drago,860,540,460,960,380,840,Attacco multiplo,Counterslammer,Enemy Tension Down,Critical Guard
C,159,Scimmia fracassona,1,Natura,880,200,840,600,760,480,Hit Squad (3),Estremi opposti,Tensione immediata,Guru della Gravitas
C,160,Great Sabercat,1,Natura,860,120,900,560,960,400,Hit Squad (2),Prima e meglio,Astuzia del Vento,1-2 Moves
C,161,Trigertauro,1,Bestia,780,480,720,620,700,720,Autoguarigione,Astuzia dell'Indebolente,Random Fizzle,1-2 Moves
C,162,Gargoyle,1,Bestia,760,460,760,720,720,560,Evasione totale,Guru della Gravitas,Immediate Fizzle,1-2 Moves
C,163,Alga sovrana,1,Materiale,720,540,700,800,640,800,Ally Tension Rise,Astuzia del Bloccacolpi,Enemy Tension Down,Intellygo immediato
C,164,Grampistrello,1,Demone,820,200,780,820,840,600,Evasione totale,Astuzia del Vento,Velocipiù casuale,Onda di sollievo
C,165,Walking Corrpse,1,Non-morti,900,320,840,660,420,400,Poison Body,Astuzia del Veleno,Random Nether Fog,1-2 Moves
C,166,Drago marino,1,Drago,800,440,720,720,660,600,Evasione totale,Astuzia del Respiro ghiacciato,Astuzia dell'Indebolente,Astuzia della Danzaluce
C,167,Faccia d'albero,2,Natura,1250,660,850,720,450,820,1-2 Mega Moves,Hit Squad (2),Despellado,Astuzia del PickMagic
C,168,Athlantos,1,Bestia,780,400,720,840,740,520,Astuzia dell'Abilitatore,Astuzia dell'Indebolente,Tensione casuale,Recupera & risparmia
C,169,Octagos,1,Materiale,800,380,780,920,440,640,Attacco multiplo,Astuzia della Gravitas,Astuzia del Debilis,Autoguarigione
C,170,Malampada,1,Materiale,780,400,700,750,820,620,Attacco multiplo,Ally Tension Rise,Superdifesa immediata,Magic Barrier
C,171,Polisentinella,1,Demone,760,500,720,790,620,620,Agguato esperto,Astuzia della Danzaluce,Astuzia del Debilis,1-2 Moves
C,172,Armatura killer,1,Non-morti,760,400,740,980,620,560,Increase Tension,Astuzia della Gravitas,Agguato esperto,Battimetallo
C,173,Re Slime,1,Slime,880,340,640,780,520,840,Mitico critico,Salvezza stentata,Magic Barrier,Intimidazione
C,174,Gran Pallodrago,1,Drago,840,300,820,840,540,440,Evasione totale,Agguato esperto,Astuzia del Bang,Tensione immediata
C,175,Pescelupo,1,Natura,820,280,800,700,780,560,Hit Squad (2),Enemy Tension Reset,Tensione casuale,Whack Attack
C,176,Sciakallo,1,Bestia,800,320,820,600,920,400,Agguato esperto,Hit Squad (2),Centro perfetto,Contrattaccante
C,177,Cumulus Rex,1,Materiale,860,540,640,520,460,840,Attacco multiplo,Rigenerazione magica,Vento frenante casuale,Onda di sollievo
C,178,Mechator grigio,1,Materiale,780,240,670,680,480,400,1-2 Moves,Battimetallo,Ooomph casuale,Electrifying
C,179,Tentacolocchio,1,Non-morti,820,400,760,740,540,640,Hit Squad (3),Astuzia dell'Elektron,Poison Body,Immediate Fizzle
C,180,Curaslime,1,Slime,760,540,600,660,770,900,Recupera & risparmia,Astuzia del PickMagic,Intellygo casuale,1-2 Moves
C,181,Metaldragone,1,Drago,780,420,720,900,580,640,Gambling Body,Astuzia del Bloccacolpi,Astuzia dell'Elektron,Ammazzastandard
C,182,Barracuda,1,Natura,820,380,840,620,660,400,Prima e meglio,Confused Frenzy,Astuzia del Velocimeno,Mitico critico
C,183,Pipit,1,Natura,900,540,260,690,860,900,Recupera & risparmia,Fascino strano,Attacchi da panico,Anticontrattaccante
C,184,Mezzo porco,2,Bestia,1300,290,840,480,330,410,1-3 Mega Moves,Hit Squad (2),Attacchi da panico,Ooomph immediato
C,185,Dademone blu,1,Bestia,860,400,720,740,540,480,Guru del Vento,Onda di sollievo,Intellygo casuale,Astuzia del Vento
C,186,Golem,1,Materiale,880,260,820,960,280,560,Increase Tension,Astuzia del Debilis,Autoguarigione,Rare Tension
C,187,Riditarra,1,Demone,740,380,780,720,900,600,Evasione totale,Centro perfetto,Battimetallo,Velocipiù immediato
C,188,Cerbero,1,Non-morti,640,220,580,420,600,440,1-3 Moves,Attacco multiplo,Cari incantesimi,Poison Body
C,189,Cyber Slime,1,Slime,800,400,780,760,500,760,Paralysing Body,Item Chance Up,Astuzia del Paralizzante,Paralysis Attack
C,190,Metaliquislime,1,Slime,40,540,580,1300,1300,800,Corpo metallico,Fuga da maestro,Persistent,Astuzia del Bang
C,191,Dragarcio,1,Drago,900,170,720,450,350,240,1-2 Moves,Astuzia del Veleno,Immediate Break Bind,Confused Frenzy
C,192,Crostaceus,1,Natura,760,420,700,980,660,560,Hit Squad (2),Astuzia dell'Indebolente,Superdifesa immediata,Astuzia del Debilis
C,193,Lleviathan ,3,Natura,1800,340,700,670,500,800,2-3 Giga Moves,Restless ,Sveglia ritardata,Cari incantesimi
C,194,Pocomacho,1,Bestia,880,220,840,760,600,400,Astuzia dell'Abilitatore,Astuzia del Bloccacolpi,Confused Frenzy,Gran confusione
C,195,Lince alata,3,Bestia,2100,210,750,700,890,580,1-3 Giga Moves,Intimidazione,Astuzia del Vento,Astuzia del Bloccacolpi
C,196,Grifone,1,Demone,800,520,700,700,580,560,Astuzia della Danzaluce,Astuzia dello Spruzzo,Intellygo immediato,1-2 Moves
C,197,Custode tetro,1,Demone,760,420,760,670,840,580,Rigenerazione magica,Astuzia della Fiamma,Enemy Tension Reset,Whack Attack
B,198,Magislime,1,Slime,780,540,480,680,910,900,Attacco multiplo,Guru del Pyro,Astuzia del Pyro,Magic Drain Attack
B,199,Megacertola,1,Drago,900,200,820,840,560,320,Desperado,Poison Attack,Superdifesa casuale,Astuzia del Veleno
B,200,Mandrake Marshal ,1,Drago,780,420,740,760,680,640,Hit Squad (2),Increase Tension,Astuzia della Fiamma,Critical Guard
B,201,Scarafante nero,1,Natura,780,280,800,1000,680,480,Increase Tension,Astuzia dell'Abilitatore,Gambling Body,Astuzia dell'Elektron
B,202,Penna di fuoco,1,Bestia,760,360,780,680,880,640,Evasione totale,Astuzia del Respiro di fuoco,Immediate Fizzle,Salvezza stentata
B,203,Magmalvagio,1,Materiale,800,400,760,740,600,680,Guru della Fiamma,Astuzia del Respiro di fuoco,Superdifesa casuale,Astuzia della Fiamma
B,204,Capitan Catastrofe,1,Demone,760,400,800,800,600,720,Attacco multiplo,Mitico critico,Prima e meglio,Desperado
B,205,Principe Spectros,1,Non-morti,720,500,720,700,860,640,Evasione totale,Confusion Attack,Counterslammer,Magic Drain Body
B,206,Soldaskeletro,1,Non-morti,840,420,740,640,640,480,Paralysis Attack,Astuzia del PickMagic,Random Break Bind,Salvezza stentata
B,207,Slime oscuro,1,Slime,740,520,620,680,830,900,Guru dell'Elektron,Enemy Tension Reset,Sfortunato,1-2 Moves
B,208,Tyrantosauro,1,Drago,900,180,860,660,740,240,Hit Squad (2),Mitico critico,Pressure,Whack Attack
B,209,Mantis composita,1,Natura,740,480,720,860,640,680,Hit Squad (2),Confusion Attack,Centro perfetto,Ammazzastandard
B,210,Pollo d'attacco,1,Bestia,840,120,800,820,1000,360,Centro perfetto,Guru del Vento,Vento frenante immediato,Astuzia del Vento
B,211,Rottame d'acciaio,1,Materiale,600,320,500,560,510,580,1-3 Moves,Hit Squad (2),Cari incantesimi,Ammazza Metallo
B,212,Druido del male,1,Demone,800,540,400,830,840,900,Guru dell'Elektron,Astuzia dell'Elektron,Intellygo casuale,1-2 Moves
B,213,Cavalier Mortimer,1,Non-morti,820,380,740,620,800,520,Contrattaccante,Astuzia del Confusore,Centro perfetto,Persistent
B,214,Ira,1,Non-morti,760,540,440,860,920,840,Hit Squad (3),Confusion Attack,Paralysing Body,Random Nether Fog
B,215,Ovomarch,1,Slime,780,440,640,980,600,680,Contrattaccante,Astuzia del Pyro,Velocipiù immediato,Magic Drain Body
B,216,Serpe eterea,2,Drago,1300,440,900,700,760,520,1-2 Mega Moves,Evasione totale,Astuzia del Debilis,Rare Tension
B,217,Falena gigante,1,Natura,780,540,600,800,640,720,Attacco multiplo,Paralysing Body,Vento frenante immediato,Magic Drain Body
B,218,Sanguonicum,1,Bestia,800,460,700,720,720,480,Evasione totale,Fascino strano,Crafty Saboteur,Onda di sollievo
B,219,Skrigno dentato,1,Materiale,780,400,700,840,760,560,Mitico critico,Scout Chance Up,Astuzia della Morte rapida,Immediate Fizzle
B,220,Juggulare,1,Demone,830,500,660,540,700,640,Hit Squad (4),Astuzia del Confusore,Ooomph casuale,1-2 Moves
B,221,Arcidemone,1,Demone,840,380,720,760,520,720,Guru del Bang,Astuzia del Bang,Enemy Tension Reset,1-2 Moves
B,222,Ossassassino,1,Non-morti,760,500,760,740,580,640,Desperado,Astuzia del Debilis,Paralysis Attack,Pressure
B,223,Milislime oscuro,1,Slime,820,460,680,800,540,600,Increase Tension,Guru dell'Elektron,Vento frenante casuale,Velocipiù immediato
B,224,Meglaodon,1,Drago,780,380,800,820,660,480,Evasione totale,Rigenerazione magica,Tensione casuale,Whack Attack
B,225,Frufrù,1,Drago,900,160,860,980,400,360,Desperado,Sleep Attack,Astuzia del Gelo,Astuzia del Sonnolento
B,226,Goreilla,1,Natura,880,140,700,860,900,480,Mitico critico,Intimidazione,Tensione casuale,1-2 Moves
B,227,Rossotalpa,1,Bestia,800,260,840,780,800,440,Gold Up,Item Chance Up,Exp Up,Scout Chance Up
B,228,Squigno,1,Bestia,720,500,740,740,700,800,Attacco multiplo,Gold Up,Exp Up,Scout Chance Up
B,229,Corriere Corrotto,1,Materiale,700,320,620,700,670,500,1-2 Moves,Electrifying,Sleep Attack,Immediate Break Bind
B,230,Armatura letale,1,Demone,820,380,760,860,560,440,Agguato esperto,Astuzia del Debilis,Enemy Tension Rise,Corpo Metallico Leggero
B,231,Boss Troll ,2,Demone,1500,220,900,880,400,160,1-2 Mega Moves,Hit Squad (2),Pressure,Desperado
B,232,Jamirus,1,Demone,610,420,420,400,460,840,2 Moves,Ally Tension Rise,Cari incantesimi,Astuzia della Fiamma
B,233,Cavalier Terror,1,Non-morti,820,330,800,660,720,560,Agguato esperto,Ammazzagiganti,Battimetallo,Centro perfetto
B,234,Ragin' Contagion ,1,Non-morti,860,520,520,580,680,840,Poison Body,Paralysing Body,Confusion Attack,Astuzia del Confusore
B,235,Multifoglia Klar,1,Slime,720,540,660,720,820,760,Exp Up,Crafty Saboteur,Astuzia del Blocca-K.O.,Autoguarigione
B,236,Dragoon,1,Drago,900,120,760,860,800,360,Evasione totale,Astuzia del Confusore,Superdifesa casuale,Autoguarigione
B,237,Cavaliere dei Draghi,1,Drago,740,320,620,520,660,560,1-2 Moves,Evasione totale,Enemy Tension Rise,Guru del Vento
B,238,Corvoscuro,1,Natura,770,460,620,820,840,600,Evasione totale,Enemy Tension Reset,Guru dell'Elektron,Vento frenante immediato
B,239,Tanamount,1,Bestia,820,400,720,720,620,680,Prima e meglio,Guru del Fulmine,Sfortunato,Anticontrattaccante
B,240,Jam,1,Materiale,900,320,660,900,440,600,Superdifesa immediata,Velocipiù immediato,Yellow-Belly,1-2 Moves
B,241,Cavaliere Aberrante,1,Demone,860,260,760,880,480,720,Hit Squad (3),Mitico critico,Astuzia del Sonnolento,Ammazzastandard
B,242,Cobra Cardinal ,1,Non-morti,740,540,600,700,820,880,Paralysis Attack,Astuzia dell'Elektron,Intellygo casuale,Magic Counter
B,243,Re Curaslime,1,Slime,900,540,360,780,590,860,Recupera & risparmia,Salvezza stentata,Intellygo casuale,Astuzia dello Stoopid
B,244,Lardodragon,1,Drago,900,300,800,840,390,340,Pressure,Increase Tension,Restless ,Astuzia del Blocca-K.O.
B,245,Lanciafuoco,1,Natura,820,480,780,540,500,720,Evasione totale,Guru della Fiamma,Vento frenante immediato,Astuzia della Fiamma
B,246,Pachidermico,2,Bestia,1500,380,740,640,480,480,1-2 Mega Moves,Mitico critico,Astuzia della Gravitas,Pressure
B,247,Wasen,3,Bestia,2300,190,800,600,240,360,2 Giga Moves,Hit Squad (2),Intimidazione,Ultimatum
B,248,Signore dei desideri,2,Materiale,1200,440,720,540,490,650,1-3 Mega Moves,Desperado,Cari incantesimi,Guru del Bang
B,249,Mago pancione,1,Demone,720,500,760,680,720,800,Evasione totale,Guru del Fulmine,Astuzia del Vento,Gambling Body
B,250,Cavaliere dell'Ombra,1,Non-morti,840,420,680,700,620,640,Attacco multiplo,Guru del Fulmine,Astuzia del Pyro,1-2 Moves
B,251,Leonix,1,？？？系,700,300,680,580,660,600,2 Moves,Yellow-Belly,Persistent,Astuzia del Diavolo
A,252,Tortaceratops,1,Drago,780,400,720,980,580,560,Hit Squad (2),Superdifesa immediata,Ultimatum,Increase Tension
A,253,Frigoforo,1,Natura,800,520,680,620,660,640,Evasione totale,Guru del Gelo,Immediate Fizzle,Astuzia del Gelo
A,254,Gigante,2,Bestia,1300,200,900,960,500,280,1-2 Mega Moves,Ultimatum,Astuzia del Velocimeno,Estremi opposti
A,255,Mechacentauro,1,Materiale,620,360,500,500,420,560,2 Moves,Electrifying,Cari incantesimi,Astuzia dell'Inazione
A,256,Demone multimani,1,Demone,660,320,440,560,380,600,2 Moves,Hit Squad (3),Cari incantesimi,Magic Drain Body
A,257,Ruban Hood,1,Demone,720,520,780,720,740,520,Increase Tension,Intimidazione,Enemy Tension Reset,Rare Tension
A,258,Kantalga,1,Non-morti,820,520,520,720,700,840,Ally Tension Rise,Enemy Tension Down,Enemy Tension Reset,Ritorno a sorpresa
A,259,Re Bollaslime,1,Slime,900,500,620,660,340,720,Poison Body,Poison Attack,Restless ,Ammazzastandard
A,260,Rashaverak,1,Drago,820,400,780,720,500,680,Attacco multiplo,Astuzia del Paralizzante,Velocipiù casuale,Salvezza stentata
A,261,Guerreruspo,1,Natura,720,420,820,680,800,720,Ooomph immediato,Desperado,Guru del Pyro,Critical Guard
A,262,Bufalorco,1,Bestia,870,200,800,900,640,360,Increase Tension,Astuzia del Blocca-K.O.,Tensione immediata,Ooomph immediato
A,263,Borgomietitore,1,Materiale,820,420,780,700,540,560,Attacco multiplo,Paralysing Body,Confused Frenzy,Ammazza Metallo
A,264,Hyperanemon,1,Demone,800,520,740,540,520,840,Guru del Fulmine,Astuzia del Fulmine,Poison Attack,Autoguarigione
A,265,Gigalunfo,1,Non-morti,900,260,820,900,360,360,Evasione totale,Restless ,Astuzia del Fulmine,1-2 Moves
A,266,Gang Slime,3,Slime,1800,400,500,550,1000,600,2-3 Giga Moves,Velocipiù immediato,Fascino strano,Cari incantesimi
A,267,Ardimentauro,1,Drago,820,380,800,640,600,640,Contrattaccante,Estremi opposti,Attacchi da panico,Autoguarigione
A,268,Kaiman,1,Natura,900,360,760,920,260,360,Evasione totale,Astuzia dell'Elektron,Restless ,Ammazzastandard
A,269,Marquis De Leon,2,Bestia,1300,460,920,760,540,680,1-2 Mega Moves,Hit Squad (3),Astuzia del Gelo,Astuzia del Pyro
A,270,Centopetra,1,Materiale,860,280,780,940,420,560,Gold Up,Astuzia del Diavolo,Battimetallo,Magic Barrier
A,271,Minitribù,1,Demone,740,400,700,800,900,680,Increase Tension,Hit Squad (4),Ritorno a sorpresa,Fascino strano
A,272,Exorsus,2,Non-morti,1300,700,500,700,800,1000,1-2 Mega Moves,Guru del Pyro,Astuzia del Pyro,Immediate Fizzle
A,273,Metal Kaiser Slime ,2,Slime,60,700,660,1600,1600,1180,1-2 Mega Moves,Corpo metallico,Prima e meglio,Immediate Break Bind
A,274,Gemines,2,Drago,1100,380,660,640,1000,710,2 Mega Moves,Attacco multiplo,Poison Attack,Ammazzastandard
A,275,Assalitore marino,1,Natura,780,300,740,780,880,680,Prima e meglio,Attacco multiplo,Guru dell'Elektron,Astuzia del Gelo
A,276,Cresta furiosa,1,Bestia,900,240,800,700,500,640,Mitico critico,Recupera & risparmia,Ooomph casuale,Desperado
A,277,Bo,1,Materiale,800,500,600,800,700,600,Velocipiù immediato,Autoguarigione,Astuzia della Gravitas,1-2 Moves
A,278,Gracos,1,Demone,840,440,580,820,600,760,Guru del Gelo,Astuzia del Respiro ghiacciato,Protective Fog,1-2 Moves
A,279,Anima torturata,1,Non-morti,860,520,400,720,750,900,Astuzia del Paralizzante,Guru del Pyro,Random Break Bind,Astuzia del Pyro
A,280,Gigadragone,1,Drago,820,240,900,800,600,480,Guru della Fiamma,Astuzia del Respiro di fuoco,Vento frenante casuale,Salvezza stentata
A,281,Virgax,2,Natura,1400,200,900,820,620,720,1-2 Mega Moves,Hit Squad (2),Recupera & risparmia,Imaginative
A,282,Slon la Torre,1,Bestia,900,360,860,460,500,400,Hit Squad (2),Mitico critico,Confused Frenzy,Critical Guard
A,283,Statua vivente,1,Materiale,860,320,740,940,400,600,Mitico critico,Astuzia dell'Indebolente,Superdifesa casuale,1-2 Moves
A,284,Scorpia,2,Demone,1300,400,720,660,1000,1000,1-2 Mega Moves,Hit Squad (2),Paralysis Attack,Enemy Tension Reset
A,285,Verme delle Grotte,1,Non-morti,840,420,720,620,620,640,Poison Body,Centro perfetto,Confusion Attack,Gambling Body
A,286,Ultra Slime,1,Slime,720,400,780,620,1000,680,Prima e meglio,Ammazzagiganti,Salvezza stentata,Ammazza Metallo
A,287,Garuda,1,Natura,720,460,680,800,920,640,Evasione totale,Persistent,Vento frenante casuale,Desperado
A,288,Basettos,1,Bestia,820,360,800,700,500,800,Increase Tension,Guru del Pyro,Pigrizia,Magic Counter
A,289,Mam,1,Materiale,700,500,800,800,550,900,Velocipiù immediato,Recupera & risparmia,Yellow-Belly,1-2 Moves
A,290,Barone Von Bellycose,2,Demone,1200,600,860,880,640,720,1-2 Mega Moves,Astuzia del Pyro,Imaginative,Electrifying
A,291,Gemon,2,Demone,1200,460,920,800,1000,480,1-2 Mega Moves,Centro perfetto,Gardameh,Magic Counter
A,292,Guardarosa,1,Non-morti,720,360,580,820,440,560,1-2 Moves,Contrattaccante,Superdifesa casuale,Desperado
A,293,Paladinorribilis,1,Non-morti,820,380,780,800,420,760,Battimetallo,Centro perfetto,Ammazzagiganti,Critical Guard
A,294,Slime Nemo,1,Slime,660,400,600,540,800,640,1-2 Moves,Intimidazione,Centro perfetto,Ammazza Metallo
A,295,Mechadrago,1,Drago,880,300,720,1000,380,520,Mitico critico,Paralysing Body,Astuzia del Paralizzante,Magic Counter
A,296,Fiore della morte,2,Natura,1300,400,550,720,280,750,1-3 Mega Moves,Hit Squad (2),Poison Body,Magic Drain Attack
A,297,Alfino,2,Bestia,1100,600,600,600,760,630,2 Mega Moves,Guru del Bang,Yellow-Belly,Magic Counter
A,298,Bu,1,Materiale,800,500,700,900,500,400,Recupera & risparmia,Rigenerazione magica,Despellado,1-2 Moves
A,299,Duran,1,Demone,800,400,800,560,740,600,Attacco multiplo,Intimidazione,Astuzia dell'Elektron,1-2 Moves
A,300,Bestiah,1,Demone,720,360,580,680,480,760,1-2 Moves,Guru del Bang,Recupera & risparmia,Increase Tension
A,301,Scimmia Zombie,1,Non-morti,760,500,720,640,680,800,Enemy Tension Rise,Immediate Break Bind,Random Break Bind,Velocipiù casuale
A,302,Baron Skeletro,1,Non-morti,820,440,500,760,920,720,Contrattaccante,Enemy Tension Reset,Confusion Attack,Ooomph casuale
A,303,Kon ,1,Natura,800,400,720,760,560,880,Hit Squad (3),Ammazza Metallo,Astuzia del Vento,Counterslammer
A,304,Drosal Fiend,2,Bestia,1300,520,720,620,900,800,1-2 Mega Moves,Guru del Vento,Astuzia della Morte rapida,Astuzia dell'Inazione
A,305,Guerriero di terracotta,2,Materiale,1100,320,740,960,680,630,1-3 Mega Moves,Guru del Vento,Magia evanescente,Critical Guard
A,306,Rosapiteco,1,Demone,800,400,660,800,680,800,Guru del Vento,Astuzia del Vento,Intellygo casuale,1-2 Moves
A,307,Terrorantula,2,Non-morti,1200,460,1040,760,600,880,1-2 Mega Moves,Gardameh,Astuzia del Vento,Astuzia dell'Elektron
A,308,Re Metalslime,1,Slime,60,540,420,1400,1400,880,Corpo metallico,Fuga da maestro,Astuzia della Danza proibita,Intellygo immediato
A,309,Korol,1,Demone,780,500,720,560,630,900,Desperado,Astuzia del Bang,Enemy Tension Down,Imaginative
A,310,Generale Soinos,1,Bestia,900,160,900,800,460,440,Increase Tension,Mitico critico,Tensione casuale,Contrattaccante
A,311,Generale Gufus,1,Demone,780,540,480,740,850,900,Astuzia del Confusore,Ritorno a sorpresa,Enemy Tension Rise,Magic Counter
A,312,Taurus,2,Bestia,1200,320,860,640,880,640,1-2 Mega Moves,Despellado,Confused Frenzy,Estremi opposti
A,313,Capricorn,2,Non-morti,1200,600,840,640,780,1000,1-2 Mega Moves,Evasione totale,Astuzia del Paralizzante,Tensione immediata
A,314,Forte di Nadiria,3,Materiale,2100,410,750,860,320,600,2 Giga Moves,Gambling Body,Superdifesa immediata,Ultimatum
A,315,Empyrea,3,Natura,1900,400,740,820,1000,1000,1-3 Giga Moves,Hit Squad (2),Astuzia del Fulmine,Guru del Fulmine
A,316,Stella,1,？？？系,740,480,640,550,1000,900,Attacco multiplo,Enemy Tension Reset,Ritorno a sorpresa,Fortunato
A,317,Mini Zoma,1,？？？系,720,420,480,600,570,900,1-2 Moves,Attacco multiplo,Cari incantesimi,Onda distruttrice
S,318,Tankissimus,3,Slime,1700,240,880,1000,240,640,2 Giga Moves,Corpo Metallico Leggero,Ammazzagiganti,Ultimatum
S,319,Black Dragon ,1,Drago,1000,360,800,720,660,600,Guru dell'Elektron,Gardameh,Astuzia del Pyro,Ooomph casuale
S,320,Scaradozer,1,Natura,900,360,920,1000,620,440,Increase Tension,Superdifesa immediata,Tensione immediata,Astuzia del Velocimeno
S,321,Atlas,2,Bestia,1400,300,500,900,500,300,1-3 Mega Moves,Estremi opposti,Increase Tension,Rare Tension
S,322,Sanguinigenio,1,Bestia,1000,560,520,900,440,1000,Evasione totale,Contrattaccante,Confusion Attack,Enemy Tension Reset
S,323,Trap Box ,1,Materiale,900,560,740,800,640,720,Mitico critico,Gambling Body,Magic Drain Body,Protective Fog
S,324,Dullahan,1,Non-morti,800,520,820,920,720,960,Increase Tension,Ooomph immediato,Paralysis Attack,Tensione casuale
S,325,Slime Perbellum,1,Slime,660,660,680,660,620,800,1-2 Moves,Contrattaccante,Centro perfetto,Ultimatum
S,326,Draku Lard,1,Drago,1000,200,900,1000,540,520,Mitico critico,Pressure,Protective Fog,Gardameh
S,327,Piovra regina,2,Natura,1350,400,1000,600,400,300,1-3 Mega Moves,Attacco multiplo,Astuzia del Velocimeno,Imaginative
S,328,Don Mole,1,Bestia,900,560,840,940,420,480,Contrattaccante,Whack Attack,Enemy Tension Down,Random Fizzle
S,329,Robocentauro,1,Materiale,630,500,510,620,640,400,2 Moves,Hit Squad (3),Astuzia dell'Inazione,Cari incantesimi
S,330,Aamon,2,Demone,1300,800,580,860,1100,1360,1-2 Mega Moves,Onda di sollievo,Cari incantesimi,Magic Counter
S,331,Pope Skriterioska,1,Non-morti,800,600,580,540,400,1000,1-2 Moves,Astuzia della Fiamma,Magic Counter,Intellygo immediato
S,332,Tri Aculeo,2,Drago,1480,400,740,400,400,700,1-3 Mega Moves,Hit Squad (3),Astuzia del Gelo,Astuzia dell'Inazione
S,333,Pipetto Anziano,1,Natura,600,1000,500,800,1200,1200,Velocipiù casuale,Astuzia del Bang,Guru della Gravitas,Intellygo casuale
S,334,Randellatore notturno,1,Bestia,1000,260,1000,1000,320,320,Ultimatum,Ammazzagiganti,Yellow-Belly,Persistent
S,335,Scudorkus,1,Materiale,800,480,880,1200,620,520,Superdifesa immediata,Astuzia del Respiro ghiacciato,Corpo Metallico Leggero,Critical Guard
S,336,Neromar,1,Demone,600,540,630,610,250,800,2 Moves,Guru del Pyro,Astuzia del Respiro di fuoco,Yellow-Belly
S,337,Druido supremo,1,Non-morti,800,1000,200,940,960,1000,Poison Body,Rigenerazione magica,Magic Drain Attack,Intellygo casuale
S,338,Ragazza Slider,2,Slime,1000,500,750,500,2000,700,1-3 Mega Moves,Ooomph immediato,Tensione immediata,Ally Tension Rise
S,339,Dragobastro,2,Drago,1300,600,1060,1000,640,880,1-2 Mega Moves,Increase Tension,Astuzia del Respiro di fuoco,Onda di sollievo
S,340,Pavone prismatico,1,Natura,860,620,840,640,740,520,Astuzia del Respiro di fuoco,Astuzia del Respiro ghiacciato,Onda di sollievo,Prima e meglio
S,341,Musferatu,1,Bestia,820,620,880,680,640,800,Enemy Tension Down,Poison Attack,Astuzia del Veleno,Rigenerazione magica
S,342,Semper Actualis,1,Materiale,600,660,410,420,540,1000,1-3 Moves,Velocipiù immediato,Intellygo immediato,Cari incantesimi
S,343,Titanis,2,Demone,1300,800,540,440,430,1200,2 Mega Moves,Gardameh,Intimidazione,Pressure
S,344,Slime Darkonium,2,Slime,60,720,620,1500,1500,1285,2 Mega Moves,Corpo metallico,Hit Squad (3),Ultimatum
S,345,Grifotauro,2,Drago,1200,600,600,1000,1200,1200,1-2 Mega Moves,Prima e meglio,Estremi opposti,Yellow-Belly
S,346,Goresby Purrvis,1,Natura,530,300,800,610,800,540,2 Moves,Intimidazione,Estremi opposti,Yellow-Belly
S,347,Balzack,2,Bestia,1300,500,1000,700,140,620,1-3 Mega Moves,Hit Squad (2),Ammazzastandard,Yellow-Belly
S,348,Dragonlord,1,Drago,860,600,720,700,760,920,Gardameh,Astuzia dello Spruzzo,Vento frenante immediato,Immediate Break Bind
S,349,Re Sanguini,2,Bestia,1100,800,500,700,1000,1300,2 Mega Moves,Hit Squad (2),Malocchio immediato,Malocchio casuale
S,350,Mambu-Jambo,1,Materiale,820,540,1000,1000,300,680,Guru del Bang,Paralysing Body,Astuzia del Debilis,Battimetallo
S,351,Lacertow,1,Demone,920,520,640,720,800,960,Guru del Gelo,Astuzia del Respiro ghiacciato,Astuzia del Sonnolento,Random Break Bind
S,352,Padramos,1,Demone,780,600,520,560,580,1000,1-2 Moves,Attacco multiplo,Guru della Fiamma,Astuzia del Respiro di fuoco
S,353,Hargon,1,Demone,940,580,620,760,600,960,Autoguarigione,Attacco multiplo,Astuzia dello Spruzzo,Intellygo casuale
S,354,Malroth,2,Demone,1260,680,680,670,420,1000,2 Mega Moves,Attacco multiplo,Recupera & risparmia,Onda distruttrice
S,355,Darck,1,？？？系,1000,460,700,700,580,800,Enemy Tension Reset,Counterslammer,Enemy Tension Down,Onda distruttrice
S,356,Tiranosfascia,1,Demone,700,220,800,520,450,380,2 Moves,Imaginative,Electrifying,Cari incantesimi
S,357,Capitan Crow,1,Non-morti,920,500,760,840,760,400,Increase Tension,Ally Tension Rise,Onda distruttrice,Vento frenante casuale
S,358,Nonno Slime,2,Slime,1300,800,740,1000,720,1200,1-2 Mega Moves,Onda distruttrice,Rare Tension,Guru del Fulmine
S,359,Cancerio,3,Slime,2550,200,800,800,200,400,2 Giga Moves,Hit Squad (2),Salvezza stentata,Protective Fog
S,360,Piovron,3,Natura,2300,400,900,760,440,800,2 Giga Moves,Hit Squad (2),Increase Tension,Astuzia della Danzaluce
S,361,Dholmagus,1,Bestia,800,560,800,860,720,1000,Attacco multiplo,Increase Tension,Contrattaccante,Guru dell'Elektron
S,362,Cybercentauro,1,Materiale,800,200,900,900,600,200,1-2 Moves,Hit Squad (3),Magic Counter,Ooomph casuale
S,363,Slime Blaster,3,Slime,2000,600,500,1000,200,1200,1-3 Giga Moves,Magic Counter,Anticontrattaccante,Sveglia ritardata
S,364,Re Godwyn,3,Non-morti,1900,700,550,500,800,1000,2-3 Giga Moves,Magic Drain Attack,Onda distruttrice,Magia evanescente
S,365,Rovina,3,Materiale,2150,200,800,1000,200,400,2 Giga Moves,Estremi opposti,Magia evanescente,Ultimatum
SS,366,Prezioslime,2,Slime,80,800,640,1800,1800,1400,1-2 Mega Moves,Corpo metallico,Hit Squad (3),Enemy Tension Rise
SS,367,Dragonlord,2,Drago,1100,520,1000,900,600,820,1-3 Mega Moves,Increase Tension,Salvezza stentata,Sfortunato
SS,368,Leopold,1,Natura,840,540,740,820,1000,520,Evasione totale,Prima e meglio,Ammazzagiganti,Malocchio immediato
SS,369,Psaro,2,Materiale,1400,500,1000,900,800,600,1-2 Mega Moves,Desperado,Astuzia della Morte rapida,Magic Counter
SS,370,Robbin's Lady,2,Bestia,1250,400,960,600,700,660,2 Mega Moves,Attacco multiplo,Tensione immediata,Fascino strano
SS,371,Principe Latrum,1,Demone,760,360,820,620,760,440,1-2 Moves,Pressure,Enemy Tension Down,Confused Frenzy
SS,372,Nimzo,2,？？？系,1300,500,720,700,600,820,2 Mega Moves,Onda distruttrice,Astuzia dell'Indebolente,Rare Tension
SS,373,Xiphos,3,Drago,1900,400,800,540,1000,720,2-3 Giga Moves,Hit Squad (2),Critical Guard,Magia evanescente
SS,374,Sliamante,1,Slime,100,400,750,1400,1400,1000,Corpo Metallico Duro,Tensione casuale,Magic Drain Attack,Magia evanescente
SS,375,Orochi,3,Drago,2600,220,720,520,340,520,1-3 Giga Moves,Hit Squad (4),Astuzia del Respiro di fuoco,Rare Tension
SS,376,Trode,1,Natura,880,600,800,700,680,600,Increase Tension,Contrattaccante,Fuga da maestro,Enemy Tension Reset
SS,377,Pruslas,3,Bestia,2200,200,800,800,200,400,1-3 Giga Moves,Estremi opposti,Ultimatum,Yellow-Belly
SS,378,Traumatizzator,2,Materiale,1200,400,830,1000,730,720,2 Mega Moves,Guru del Bang,Astuzia dell'Inazione,Magic Barrier
SS,379,Scruffy,1,Demone,800,600,800,500,1000,1000,Enemy Tension Down,Scout Chance Up,Anticontrattaccante,Protective Fog
SS,380,Prof Briskod,2,Non-morti,1100,600,920,700,610,1200,2 Mega Moves,Hit Squad (2),Poison Body,Confusion Attack
SS,381,Zoma,1,？？？系,620,600,660,860,640,1000,1-2 Moves,Magic Counter,Astuzia del Gelo,Intellygo immediato
SS,382,Re Metaliquislime,3,Slime,200,1000,565,1600,1600,1490,2-3 Giga Moves,Corpo metallico,Ammazzastandard,Gambling Body
SS,383,Barbarus,2,Drago,1300,280,940,710,600,800,2 Mega Moves,Pressure,Astuzia della Gravitas,Random Nether Fog
SS,384,Divino,1,Natura,840,590,760,760,700,960,Ritorno a sorpresa,Onda di sollievo,Fortunato,Intellygo immediato
SS,385,Ovattino,1,Bestia,820,540,840,700,900,720,Ally Tension Rise,Scout Chance Up,Magic Counter,Protective Fog
SS,386,Carro Slival,3,Materiale,1800,300,850,1000,100,400,1-3 Giga Moves,Corpo Metallico Leggero,Desperado,Cari incantesimi
SS,387,Moltomort,2,？？？系,1000,800,870,710,800,1000,1-3 Mega Moves,Attacco multiplo,Immediate Nether Fog,Onda distruttrice
SS,388,Re Babbuino,3,？？？系,2100,400,550,640,560,800,2-3 Giga Moves,Sleep Attack,Anticontrattaccante,Cari incantesimi
SS,389,Dragriphon,2,Drago,1300,320,920,670,650,700,2 Mega Moves,Guru del Fulmine,Ritorno a sorpresa,Ooomph casuale
SS,390,Yggdrasil,3,Natura,2000,1200,600,1000,400,800,1-3 Giga Moves,Hit Squad (4),Contrattaccante,Salvezza stentata
SS,391,Sagitta,3,Materiale,2300,400,600,1000,800,800,2 Giga Moves,Hit Squad (4),Prima e meglio,Random Break Bind
SS,392,Granvert,2,？？？系,1100,700,830,800,490,1200,1-3 Mega Moves,Attacco multiplo,Astuzia del Respiro ghiacciato,Imaginative
SS,393,Gadis,3,？？？系,1900,600,550,750,650,1200,2-3 Giga Moves,Hit Squad (2),Onda distruttrice,Magia evanescente
SS,394,Xenlon,2,Drago,1300,420,780,800,580,740,1-3 Mega Moves,Guru del Fulmine,Astuzia del Respiro di fuoco,Random Fizzle
SS,395,Munchie,1,Natura,720,600,920,740,980,720,Astuzia del Respiro di fuoco,Astuzia del Respiro ghiacciato,Fascino strano,Ally Tension Rise
SS,396,Nokturnus,1,Demone,760,300,900,620,640,600,1-2 Moves,Attacco multiplo,Contrattaccante,Yellow-Belly
SS,397,Rhapthorne,1,？？？系,820,600,520,980,1000,1000,Evasione totale,Onda distruttrice,Crafty Saboteur,Magic Barrier
SS,398,Dark Robot Slime,3,Slime,1500,400,650,900,1000,1000,2-3 Giga Moves,Hit Squad (2),Estremi opposti,Cari incantesimi
SS,399,Drago dimensionale,2,Drago,1300,500,850,600,800,800,2-3 Mega Moves,Counterslammer,Enemy Tension Rise,Yellow-Belly
SS,400,Aquarion,3,Bestia,2600,240,600,600,520,400,2 Giga Moves,Increase Tension,Mitico critico,Magic Barrier
SS,401,Estark,3,Materiale,2350,450,820,730,460,540,2 Giga Moves,Hit Squad (2),Onda distruttrice,Restless
SS,402,Rhapthorne II,3,？？？系,2200,800,600,800,400,1200,1-3 Giga Moves,Hit Squad (2),Astuzia dell'Elektron,Astuzia del PickMagic
SS,403,Terrore alato,3,Natura,2200,600,600,700,1200,600,2 Giga Moves,Hit Squad (2),Astuzia del Respiro ghiacciato,Vento frenante casuale
SS,404,Malevoleonex,3,？？？系,2300,300,900,720,780,600,2 Giga Moves,Sleep Attack,Astuzia del Pyro,Malocchio casuale
SS,405,Leonex,3,？？？系,2300,300,800,800,800,800,2 Giga Moves,Hit Squad (2),Astuzia del Diavolo,Yellow-Belly
SS,406,Rigor Mortex,3,？？？系,2300,620,600,1100,360,600,1-3 Giga Moves,Magic Counter,Gambling Body,Immediate Nether Fog
SS,407,Magarugi,3,？？？系,2000,900,540,770,1000,1500,1-3 Giga Moves,Hit Squad (3),Astuzia del Fulmine,Astuzia dell'Elektron
SS,408,Corvus,1,？？？系,600,360,770,600,380,720,2 Moves,Onda distruttrice,Astuzia dell'Elektron,Ritorno a sorpresa
SS,409,Sire Dragoviano,2,Drago,1500,200,1100,1000,700,600,1-2 Mega Moves,Mitico critico,Desperado,Despellado
SS,410,Drago di Zenithia,3,Drago,2400,400,600,800,600,800,1-3 Giga Moves,Hit Squad (4),Desperado,Counterslammer
SS,411,Babbuincubo,3,？？？系,1900,550,550,720,780,1200,2-3 Giga Moves,Hit Squad (2),Magic Counter,Cari incantesimi
SS,412,Lupicche,1,？？？系,800,400,620,780,680,600,Increase Tension,Astuzia del Fulmine,Centro perfetto,Fascino strano
SS,413,Cuordifalco,1,？？？系,820,400,600,780,600,680,Increase Tension,Hit Squad (2),Prima e meglio,Fascino strano
SS,414,Fiorango,1,？？？系,820,400,680,720,600,480,Increase Tension,Ammazzagiganti,Mitico critico,Fascino strano
SS,415,Quadrago,1,？？？系,840,400,680,720,460,600,Increase Tension,Ally Tension Rise,Battimetallo,Fascino strano
SS,416,Lupicche Asso,1,？？？系,800,500,800,900,840,920,Increase Tension,Attacco multiplo,Astuzia del Fulmine,Centro perfetto
SS,417,Cuordifalco Asso,1,？？？系,680,560,500,800,930,860,1-2 Moves,Increase Tension,Prima e meglio,Yellow-Belly
SS,418,Fiorango Asso,1,？？？系,820,510,840,900,760,720,Increase Tension,Hit Squad (3),Ammazzagiganti,Mitico critico
SS,419,Quadrago Asso,1,？？？系,880,540,770,820,640,800,Increase Tension,Hit Squad (2),Ally Tension Rise,Battimetallo
SS,420,Asso di picche,1,？？？系,860,520,800,830,700,780,Attacco multiplo,Guru dell'Elektron,Immediate Fizzle,Magic Barrier
SS,421,Joker,1,？？？系,620,600,1000,1000,920,800,Attacco multiplo,Anticontrattaccante,Onda di sollievo,Protective Fog
